iterCount,type,time,latitude,longitude,depth,scalar,AnomalyScore,AnomalyMean_Windowsize,AnomalyLikelihood,logLikelihood,place,id,prediction
0,earthquake,2010-05-15T00:08:43.530Z,-16.689,177.283,10.3,5.1,1.0,"(1.0, None)",0.5,0.0301029996658834,Fiji,usp000hcs0,None
1,earthquake,2010-05-15T15:18:13.230Z,-23.59,-176.646,79.8,5.7,1.0,"(1.0, None)",0.5,0.0301029996658834,south of the Fiji Islands,usp000hcst,None
2,earthquake,2010-05-16T00:33:06.350Z,0.511,124.657,123,5.8,1.0,"(1.0, None)",0.5,0.0301029996658834,"Minahasa, Sulawesi, Indonesia",usp000hct7,None
3,earthquake,2010-05-16T01:08:06.940Z,-51.842,28.316,10,5.3,1.0,"(1.0, None)",0.5,0.0301029996658834,south of Africa,usp000hct9,None
4,earthquake,2010-05-16T05:16:10.000Z,18.4,-67.07,113,5.8,1.0,"(1.0, None)",0.5,0.0301029996658834,Puerto Rico,usp000hctm,None
5,earthquake,2010-05-16T05:30:57.900Z,-34.826,-16.074,10,5.1,1.0,"(1.0, None)",0.5,0.0301029996658834,southern Mid-Atlantic Ridge,usp000hctp,None
6,earthquake,2010-05-16T06:52:42.540Z,35.996,3.961,10,5.1,1.0,"(1.0, None)",0.5,0.0301029996658834,northern Algeria,usp000hctt,None
7,earthquake,2010-05-16T08:55:46.290Z,14.423,93.18,38.7,5.3,1.0,"(1.0, None)",0.5,0.0301029996658834,"Andaman Islands, India region",usp000hctw,None
8,earthquake,2010-05-16T12:35:50.740Z,28.815,128.525,41.9,5,1.0,"(1.0, None)",0.5,0.0301029996658834,"Ryukyu Islands, Japan",usp000hcu5,None
9,earthquake,2010-05-16T15:29:02.780Z,73.469,7.49,10,5.1,1.0,"(1.0, None)",0.5,0.0301029996658834,Greenland Sea,usp000hcuc,None
10,earthquake,2010-05-16T16:39:33.110Z,73.418,7.345,10,5.1,1.0,"(1.0, None)",0.5,0.0301029996658834,Greenland Sea,usp000hcue,None
11,earthquake,2010-05-16T19:06:37.060Z,-34.657,-15.403,10,5.3,1.0,"(1.0, None)",0.5,0.0301029996658834,Tristan da Cunha region,usp000hcuj,None
12,earthquake,2010-05-17T02:06:25.230Z,-55.064,-129.005,10,5.3,1.0,"(1.0, None)",0.5,0.0301029996658834,Pacific-Antarctic Ridge,usp000hcux,None
13,earthquake,2010-05-17T09:51:20.600Z,-7.528,119.718,49.2,5,1.0,"(1.0, None)",0.5,0.0301029996658834,Flores Sea,usp000hcvb,None
14,earthquake,2010-05-17T18:57:52.050Z,-34.991,178.883,142.9,5,1.0,"(1.0, None)",0.5,0.0301029996658834,south of the Kermadec Islands,usp000hcvv,None
15,earthquake,2010-05-17T20:05:41.590Z,-16.308,-14.185,10,5.2,1.0,"(1.0, None)",0.5,0.0301029996658834,southern Mid-Atlantic Ridge,usp000hcvx,None
16,earthquake,2010-05-17T22:03:47.590Z,46.29,152.015,72.9,5.3,1.0,"(1.0, None)",0.5,0.0301029996658834,Kuril Islands,usp000hcw0,None
17,earthquake,2010-05-18T09:45:22.210Z,-62.838,166.091,10,5.3,1.0,"(1.0, None)",0.5,0.0301029996658834,Balleny Islands region,usp000hcwh,None
18,earthquake,2010-05-18T11:59:57.840Z,-7.845,107.22,34.2,5.3,1.0,"(1.0, None)",0.5,0.0301029996658834,"Java, Indonesia",usp000hcws,None
19,earthquake,2010-05-18T15:32:32.970Z,13.135,51.106,10,5,1.0,"(1.0, None)",0.5,0.0301029996658834,Gulf of Aden,usp000hcwz,None
20,earthquake,2010-05-19T00:13:21.120Z,-6.641,105.161,38.9,5.4,1.0,"(1.0, None)",0.5,0.0301029996658834,"Sunda Strait, Indonesia",usp000hcxa,None
21,earthquake,2010-05-19T01:36:32.860Z,-13.098,167.121,203.5,5.4,1.0,"(1.0, None)",0.5,0.0301029996658834,Vanuatu,usp000hcxf,None
22,earthquake,2010-05-19T04:15:43.230Z,-5.083,-77.541,132,6,1.0,"(1.0, None)",0.5,0.0301029996658834,northern Peru,usp000hcxh,None
23,earthquake,2010-05-19T05:43:31.100Z,-12.113,65.547,10,5.1,1.0,"(1.0, None)",0.5,0.0301029996658834,Mid-Indian Ridge,usp000hcxn,None
24,earthquake,2010-05-19T10:30:10.400Z,-54.8,-135.252,10,6,1.0,"(1.0, None)",0.5,0.0301029996658834,Pacific-Antarctic Ridge,usp000hcxv,None
25,earthquake,2010-05-19T10:39:06.230Z,-41.239,-88.467,10,5.4,1.0,"(1.0, None)",0.5,0.0301029996658834,West Chile Rise,usp000hcxw,None
26,earthquake,2010-05-19T10:51:03.080Z,-54.843,-135.398,10,6,1.0,"(1.0, None)",0.5,0.0301029996658834,Pacific-Antarctic Ridge,usp000hcxy,None
27,earthquake,2010-05-19T12:42:09.680Z,-6.532,128.273,306.2,5,1.0,"(1.0, None)",0.5,0.0301029996658834,Banda Sea,usp000hcxz,None
28,earthquake,2010-05-20T00:44:58.620Z,-56.87,-143.132,10,5.6,1.0,"(1.0, None)",0.5,0.0301029996658834,Pacific-Antarctic Ridge,usp000hcyh,None
29,earthquake,2010-05-20T01:43:50.040Z,-55.501,-26.291,10,5,1.0,"(1.0, None)",0.5,0.0301029996658834,South Sandwich Islands region,usp000hcyj,None
30,earthquake,2010-05-20T08:06:28.760Z,-39.063,-92.159,10,5.9,1.0,"(1.0, None)",0.5,0.0301029996658834,southeast of Easter Island,usp000hcyw,None
31,earthquake,2010-05-20T22:16:30.700Z,9.247,-84.302,21,5.9,1.0,"(1.0, None)",0.5,0.0301029996658834,Costa Rica,usp000hczt,None
32,earthquake,2010-05-21T01:05:52.970Z,-20.197,-174.005,52.3,5,1.0,"(1.0, None)",0.5,0.0301029996658834,Tonga,usp000hczz,None
33,earthquake,2010-05-21T13:02:21.740Z,-25.808,-66.736,10,5.1,1.0,"(1.0, None)",0.5,0.0301029996658834,"Salta, Argentina",usp000hd0g,None
34,earthquake,2010-05-21T15:56:30.500Z,-38.689,-91.372,10,5,1.0,"(1.0, None)",0.5,0.0301029996658834,West Chile Rise,usp000hd0m,None
35,earthquake,2010-05-21T15:56:32.000Z,-39.75,-91.75,10,5,1.0,"(1.0, None)",0.5,0.0301029996658834,West Chile Rise,gcmt20100521155632,None
36,earthquake,2010-05-21T17:52:19.450Z,8.273,-102.973,10,5.1,1.0,"(1.0, None)",0.5,0.0301029996658834,northern East Pacific Rise,usp000hd0p,None
37,earthquake,2010-05-21T18:52:06.000Z,-34.64,-71.969,7.3,5.3,1.0,"(1.0, None)",0.5,0.0301029996658834,"Libertador General Bernardo O'Higgins, Chile",usp000hd0s,None
38,earthquake,2010-05-21T18:52:12.000Z,-34.52,-71.64,37.2,5.3,1.0,"(1.0, None)",0.5,0.0301029996658834,"Libertador General Bernardo O'Higgins, Chile",gcmt20100521185212,None
39,earthquake,2010-05-22T06:15:17.400Z,-56.236,-139.157,15,5.7,1.0,"(1.0, None)",0.5,0.0301029996658834,Pacific-Antarctic Ridge,usp000hd18,None
40,earthquake,2010-05-22T09:58:56.270Z,-20.613,168.417,38.3,5.2,1.0,"(1.0, None)",0.5,0.0301029996658834,"Loyalty Islands, New Caledonia",usp000hd1q,None
41,earthquake,2010-05-22T17:30:58.800Z,32.616,-115.773,3.5,5.1,1.0,"(1.0, None)",0.5,0.0301029996658834,"Baja California, Mexico",usp000hd1z,None
42,earthquake,2010-05-23T13:28:16.590Z,35.962,4.142,1,5.2,1.0,"(1.0, None)",0.5,0.0301029996658834,northern Algeria,usp000hd38,None
43,earthquake,2010-05-23T19:32:41.930Z,-17.879,168.988,10,5,1.0,"(1.0, None)",0.5,0.0301029996658834,Vanuatu,usp000hd3k,None
44,earthquake,2010-05-23T20:19:25.400Z,-17.843,168.94,10,5.4,1.0,"(1.0, None)",0.5,0.0301029996658834,Vanuatu,usp000hd3n,None
45,earthquake,2010-05-23T22:46:52.050Z,-13.928,-74.352,101.4,6.1,1.0,"(1.0, None)",0.5,0.0301029996658834,central Peru,usp000hd3r,None
46,earthquake,2010-05-24T16:18:29.090Z,-8.087,-71.558,581.2,6.5,1.0,"(1.0, None)",0.5,0.0301029996658834,"Acre, Brazil",usp000hd4k,None
47,earthquake,2010-05-24T23:57:31.000Z,-36.34,-73.6,26.9,5.3,1.0,"(1.0, None)",0.5,0.0301029996658834,"offshore Bio-Bio, Chile",gcmt20100524235731,None
48,earthquake,2010-05-24T23:57:37.500Z,-36.25,-73.106,35,5.3,1.0,"(1.0, None)",0.5,0.0301029996658834,"offshore Bio-Bio, Chile",usp000hd4z,None
49,earthquake,2010-05-25T06:11:52.490Z,31.152,103.547,10,5,1.0,"(1.0, None)",0.5,0.0301029996658834,"eastern Sichuan, China",usp000hd55,None
50,earthquake,2010-05-25T09:19:32.340Z,-65.425,179.875,10,5.5,1.0,"(1.0, None)",0.5,0.0301029996658834,Balleny Islands region,usp000hd5b,None
51,earthquake,2010-05-25T10:09:05.780Z,35.336,-35.924,10,6.3,1.0,"(1.0, None)",0.5,0.0301029996658834,northern Mid-Atlantic Ridge,usp000hd5e,None
52,earthquake,2010-05-25T13:09:26.030Z,-37.617,-72.852,34.8,5.3,1.0,"(1.0, None)",0.5,0.0301029996658834,"Araucania, Chile",usp000hd5m,None
53,earthquake,2010-05-25T23:36:14.590Z,17.145,-101.159,4.4,5.1,1.0,"(1.0, None)",0.5,0.0301029996658834,"offshore Guerrero, Mexico",usp000hd5z,None
54,earthquake,2010-05-26T07:51:09.660Z,-10.116,121.448,35,5,1.0,"(1.0, None)",0.5,0.0301029996658834,Savu Sea,usp000hd6f,None
55,earthquake,2010-05-26T08:53:08.030Z,25.773,129.944,10,6.5,1.0,"(1.0, None)",0.5,0.0301029996658834,"southeast of the Ryukyu Islands, Japan",usp000hd6j,None
56,earthquake,2010-05-26T11:51:23.840Z,25.715,130.097,10,5,1.0,"(1.0, None)",0.5,0.0301029996658834,"southeast of the Ryukyu Islands, Japan",usp000hd6s,None
57,earthquake,2010-05-26T18:06:54.620Z,-50.012,119.618,10,5.1,1.0,"(1.0, None)",0.5,0.0301029996658834,western Indian-Antarctic Ridge,usp000hd71,None
58,earthquake,2010-05-27T13:48:24.420Z,9.779,125.621,146.4,5,1.0,"(1.0, None)",0.5,0.0301029996658834,"Mindanao, Philippines",usp000hd80,None
59,earthquake,2010-05-27T17:14:46.570Z,-13.698,166.643,31,7.2,1.0,"(1.0, None)",0.5,0.0301029996658834,Vanuatu,usp000hd84,None
60,earthquake,2010-05-27T17:19:52.860Z,-14.458,167.008,35,5.1,1.0,"(1.0, None)",0.5,0.0301029996658834,Vanuatu,usp000hd85,None
61,earthquake,2010-05-27T17:24:23.110Z,-13.884,166.73,35,5.6,1.0,"(1.0, None)",0.5,0.0301029996658834,Vanuatu,usp000hd86,None
62,earthquake,2010-05-27T17:43:51.060Z,-17.985,-176.938,321.9,5.1,1.0,"(1.0, None)",0.5,0.0301029996658834,Fiji region,usp000hd88,None
63,earthquake,2010-05-27T17:45:28.700Z,-13.756,166.934,35,5.3,1.0,"(1.0, None)",0.5,0.0301029996658834,Vanuatu,usp000hd8a,None
64,earthquake,2010-05-27T19:16:40.540Z,-14.095,166.837,35,5,1.0,"(1.0, None)",0.5,0.0301029996658834,Vanuatu,usp000hd8m,None
65,earthquake,2010-05-27T20:48:00.440Z,-13.658,166.745,35,6.1,1.0,"(1.0, None)",0.5,0.0301029996658834,Vanuatu,usp000hd8v,None
66,earthquake,2010-05-27T22:20:13.000Z,-37.339,-74.257,28.4,5.2,1.0,"(1.0, None)",0.5,0.0301029996658834,"offshore Bio-Bio, Chile",usp000hd8y,None
67,earthquake,2010-05-28T04:25:58.630Z,-14.048,166.606,34,5.8,1.0,"(1.0, None)",0.5,0.0301029996658834,Vanuatu,usp000hd9c,None
68,earthquake,2010-05-28T07:25:02.580Z,31.135,77.839,18.8,5,1.0,"(1.0, None)",0.5,0.0301029996658834,"Himachal Pradesh, India",usp000hd9n,None
69,earthquake,2010-05-28T10:07:43.190Z,53.422,-163.155,19.8,5.4,1.0,"(1.0, None)",0.5,0.0301029996658834,"Unimak Island region, Alaska",usp000hd9t,None
70,earthquake,2010-05-28T10:09:52.650Z,53.523,-163.168,38.5,5,1.0,"(1.0, None)",0.5,0.0301029996658834,"Unimak Island region, Alaska",usp000hd9u,None
71,earthquake,2010-05-28T14:57:54.070Z,-13.677,166.376,35,5.2,1.0,"(1.0, None)",0.5,0.0301029996658834,Vanuatu,usp000hda8,None
72,earthquake,2010-05-28T18:32:41.750Z,-3.864,100.966,24.1,5.3,1.0,"(1.0, None)",0.5,0.0301029996658834,"Kepulauan Mentawai region, Indonesia",usp000hdad,None
73,earthquake,2010-05-28T19:26:51.680Z,-10.184,161.068,78.8,5.2,1.0,"(1.0, None)",0.5,0.0301029996658834,Solomon Islands,usp000hdag,None
74,earthquake,2010-05-29T02:29:48.640Z,33.165,96.07,7,5.8,1.0,"(1.0, None)",0.5,0.0301029996658834,"southern Qinghai, China",usp000hdaw,None
75,earthquake,2010-05-29T09:10:29.650Z,-13.661,166.648,35,5.1,1.0,"(1.0, None)",0.5,0.0301029996658834,Vanuatu,usp000hdbr,None
76,earthquake,2010-05-29T11:15:52.520Z,-13.94,166.638,35,5.1,1.0,"(1.0, None)",0.5,0.0301029996658834,Vanuatu,usp000hdbt,None
77,earthquake,2010-05-29T11:47:42.360Z,-13.968,166.685,35,5,1.0,"(1.0, None)",0.5,0.0301029996658834,Vanuatu,usp000hdbv,None
78,earthquake,2010-05-29T16:11:44.390Z,12.236,-88.484,27.9,5,1.0,"(1.0, None)",0.5,0.0301029996658834,off the coast of El Salvador,usp000hdc0,None
79,earthquake,2010-05-29T18:02:32.000Z,-19.372,169.196,140.1,5,1.0,"(1.0, None)",0.5,0.0301029996658834,Vanuatu,usp000hdc5,None
80,earthquake,2010-05-30T17:37:02.190Z,-56.161,-27.508,35,5,1.0,"(1.0, None)",0.5,0.0301029996658834,South Sandwich Islands region,usp000hddg,None
81,earthquake,2010-05-30T21:25:29.390Z,13.104,145.209,68.3,5,1.0,"(1.0, None)",0.5,0.0301029996658834,Guam region,usp000hddh,None
82,earthquake,2010-05-30T23:22:00.170Z,-58.234,-139.863,10,5,1.0,"(1.0, None)",0.5,0.0301029996658834,Pacific-Antarctic Ridge,usp000hddj,None
83,earthquake,2010-05-31T10:16:00.230Z,6.948,124.025,20,6,1.0,"(1.0, None)",0.5,0.0301029996658834,"Mindanao, Philippines",usp000hddw,None
84,earthquake,2010-05-31T19:51:45.870Z,11.132,93.471,112,6.5,1.0,"(1.0, None)",0.5,0.0301029996658834,"Andaman Islands, India region",usp000hde8,None
85,earthquake,2010-05-31T19:51:55.000Z,11.12,93.45,112,6.5,1.0,"(1.0, None)",0.5,0.0301029996658834,"Andaman Islands, India region",gcmt20100531195155,None
86,earthquake,2010-06-01T03:26:15.760Z,9.331,-84.206,18,6,1.0,"(1.0, None)",0.5,0.0301029996658834,Costa Rica,usp000hdem,None
87,earthquake,2010-06-01T16:05:29.580Z,-36.819,-73.505,14.6,5.6,1.0,"(1.0, None)",0.5,0.0301029996658834,"offshore Bio-Bio, Chile",usp000hdf9,None
88,earthquake,2010-06-01T16:47:32.010Z,-17.876,169.103,40.4,5.7,1.0,"(1.0, None)",0.5,0.0301029996658834,Vanuatu,usp000hdfd,None
89,earthquake,2010-06-02T01:49:03.940Z,-57.369,-26.446,127.4,5.9,1.0,"(1.0, None)",0.5,0.0301029996658834,South Sandwich Islands region,usp000hdfx,None
90,earthquake,2010-06-02T09:28:53.250Z,-6.159,149.413,34,5.9,1.0,"(1.0, None)",0.5,0.0301029996658834,"New Britain region, Papua New Guinea",usp000hdg9,None
91,earthquake,2010-06-02T18:51:07.290Z,-13.731,166.594,35,5.6,1.0,"(1.0, None)",0.5,0.0301029996658834,Vanuatu,usp000hdgp,None
92,earthquake,2010-06-03T04:32:42.550Z,70.712,-14.384,10,5.6,1.0,"(1.0, None)",0.5,0.0301029996658834,Jan Mayen Island region,usp000hdgx,None
93,earthquake,2010-06-03T05:35:44.760Z,33.335,96.15,24.2,5.5,1.0,"(1.0, None)",0.5,0.0301029996658834,"southern Qinghai, China",usp000hdh0,None
94,earthquake,2010-06-03T09:24:15.570Z,4.778,95.785,74,5.4,1.0,"(1.0, None)",0.5,0.0301029996658834,"northern Sumatra, Indonesia",usp000hdhd,None
95,earthquake,2010-06-03T10:16:15.170Z,70.766,-14.295,10,5,0.0,"(0.98958333333333337, None)",0.5,0.0301029996658834,Jan Mayen Island region,usp000hdhg,None
96,earthquake,2010-06-03T10:49:34.160Z,-56.168,-27.066,10,5,1.0,"(0.98969072164948457, None)",0.5,0.0301029996658834,South Sandwich Islands region,usp000hdhj,None
97,earthquake,2010-06-03T20:47:05.000Z,33.3,96.087,10,5.1,1.0,"(0.98979591836734693, None)",0.5,0.0301029996658834,"southern Qinghai, China",usp000hdj3,None
98,earthquake,2010-06-04T11:49:41.580Z,36.501,70.17,220.6,5.1,1.0,"(0.98989898989898994, None)",0.5,0.0301029996658834,"Hindu Kush region, Afghanistan",usp000hdk1,None
99,earthquake,2010-06-04T15:12:42.970Z,-9.555,108.279,35,5.1,1.0,"(0.98999999999999999, None)",0.5,0.0301029996658834,"south of Java, Indonesia",usp000hdk8,None
100,earthquake,2010-06-04T22:01:45.060Z,6.513,-82.462,21.1,5,1.0,"(0.99009900990099009, None)",0.5,0.0301029996658834,south of Panama,usp000hdkj,None
101,earthquake,2010-06-05T05:22:02.880Z,43.426,146.773,58,5.5,1.0,"(0.99019607843137258, None)",0.5,0.0301029996658834,Kuril Islands,usp000hdm1,None
102,earthquake,2010-06-05T16:59:15.930Z,28.169,65.966,10,5,1.0,"(0.99029126213592233, None)",0.5,0.0301029996658834,Pakistan,usp000hdme,None
103,earthquake,2010-06-05T17:43:17.660Z,1.597,127.389,147.4,5.1,1.0,"(0.99038461538461542, None)",0.5,0.0301029996658834,"Halmahera, Indonesia",usp000hdmg,None
104,earthquake,2010-06-06T02:20:01.870Z,-32.929,-179.346,55.6,5.4,1.0,"(0.99047619047619051, None)",0.5,0.0301029996658834,south of the Kermadec Islands,usp000hdn1,None
105,earthquake,2010-06-06T15:02:55.470Z,-15.09,-173.432,10,5.1,1.0,"(0.99056603773584906, None)",0.5,0.0301029996658834,Tonga,usp000hdnm,None
106,earthquake,2010-06-06T16:57:26.980Z,-8.572,112.451,87.6,5.1,1.0,"(0.99065420560747663, None)",0.5,0.0301029996658834,"Java, Indonesia",usp000hdnp,None
107,earthquake,2010-06-06T18:33:44.000Z,-57.25,-141.75,10,5.3,1.0,"(0.9907407407407407, None)",0.5,0.0301029996658834,Pacific-Antarctic Ridge,gcmt20100606183344,None
108,earthquake,2010-06-07T04:25:49.400Z,-0.894,-13.225,10,5.2,0.0,"(0.98165137614678899, None)",0.5,0.0301029996658834,north of Ascension Island,usp000hdnz,None
109,earthquake,2010-06-07T05:21:38.540Z,-36.984,78.401,10,5.1,0.0,"(0.97272727272727277, None)",0.5,0.0301029996658834,Mid-Indian Ridge,usp000hdp1,None
110,earthquake,2010-06-07T10:05:48.300Z,-4.59,-106.097,10,5.2,1.0,"(0.97297297297297303, None)",0.5,0.0301029996658834,central East Pacific Rise,usp000hdpe,None
111,earthquake,2010-06-08T06:32:24.070Z,-17.302,-72.593,36.3,5.1,1.0,"(0.9732142857142857, None)",0.5,0.0301029996658834,near the coast of southern Peru,usp000hdqh,None
112,earthquake,2010-06-09T03:54:55.360Z,-15.122,-70.494,169.9,5,1.0,"(0.97345132743362828, None)",0.5,0.0301029996658834,southern Peru,usp000hdrg,None
113,earthquake,2010-06-09T07:00:13.020Z,-20.086,169.162,35,5.3,1.0,"(0.97368421052631582, None)",0.5,0.0301029996658834,Vanuatu,usp000hdrr,None
114,earthquake,2010-06-09T08:57:41.220Z,1.944,127.167,113.7,5.4,1.0,"(0.97391304347826091, None)",0.5,0.0301029996658834,"Halmahera, Indonesia",usp000hdrt,None
115,earthquake,2010-06-09T16:54:23.660Z,70.399,-15.104,10,5,1.0,"(0.97413793103448276, None)",0.5,0.0301029996658834,Jan Mayen Island region,usp000hds5,None
116,earthquake,2010-06-09T23:23:17.350Z,-18.597,169.485,12,6,1.0,"(0.97435897435897434, None)",0.5,0.0301029996658834,Vanuatu,usp000hdsf,None
117,earthquake,2010-06-10T02:13:17.100Z,7.363,126.905,15,5.6,1.0,"(0.97457627118644063, None)",0.5,0.0301029996658834,"Mindanao, Philippines",usp000hdsq,None
118,earthquake,2010-06-10T03:08:29.700Z,-30.676,-177.516,35,5,1.0,"(0.97478991596638653, None)",0.5,0.0301029996658834,"Kermadec Islands, New Zealand",usp000hdsu,None
119,earthquake,2010-06-10T06:38:05.420Z,39.865,74.846,28.6,5.2,1.0,"(0.97499999999999998, None)",0.5,0.0301029996658834,"southern Xinjiang, China",usp000hdt2,None
120,earthquake,2010-06-10T13:36:07.500Z,-12.913,169.371,643.7,5.2,1.0,"(0.97520661157024791, None)",0.5,0.0301029996658834,Santa Cruz Islands region,usp000hdtf,None
121,earthquake,2010-06-11T02:25:15.990Z,17.764,119.392,24.8,5.1,1.0,"(0.97540983606557374, None)",0.5,0.0301029996658834,Philippine Islands region,usp000hdty,None
122,earthquake,2010-06-11T08:54:19.490Z,-34.753,-71.822,39.6,5,1.0,"(0.97560975609756095, None)",0.5,0.0301029996658834,"Libertador General Bernardo O'Higgins, Chile",usp000hdu8,None
123,earthquake,2010-06-11T12:40:19.700Z,-37.314,51.95,10,5.8,1.0,"(0.97580645161290325, None)",0.5,0.0301029996658834,South Indian Ocean,usp000hduj,None
124,earthquake,2010-06-11T16:37:48.050Z,26.688,142.503,7,5.7,1.0,"(0.97599999999999998, None)",0.5,0.0301029996658834,"Bonin Islands, Japan region",usp000hdut,None
125,earthquake,2010-06-11T16:58:36.070Z,26.712,142.688,10,5.5,1.0,"(0.97619047619047616, None)",0.5,0.0301029996658834,"Bonin Islands, Japan region",usp000hduu,None
126,earthquake,2010-06-11T20:55:02.710Z,-25.083,-176.233,7.7,5,1.0,"(0.97637795275590555, None)",0.5,0.0301029996658834,south of the Fiji Islands,usp000hdv3,None
127,earthquake,2010-06-12T02:21:25.620Z,-22.581,171.796,36.2,5.3,1.0,"(0.9765625, None)",0.5,0.0301029996658834,southeast of the Loyalty Islands,usp000hdvc,None
128,earthquake,2010-06-12T03:49:59.000Z,1.022,120.092,40.2,5.1,1.0,"(0.97674418604651159, None)",0.5,0.0301029996658834,"Minahasa, Sulawesi, Indonesia",usp000hdve,None
129,earthquake,2010-06-12T03:51:53.000Z,-28.383,-71.345,34.3,5.2,1.0,"(0.97692307692307689, None)",0.5,0.0301029996658834,"offshore Atacama, Chile",usp000hdvf,None
130,earthquake,2010-06-12T09:05:03.970Z,-35.392,-106.376,10,5.3,1.0,"(0.97709923664122134, None)",0.5,0.0301029996658834,southern East Pacific Rise,usp000hdvt,None
131,earthquake,2010-06-12T15:44:53.450Z,28.825,128.596,16.8,5.2,0.0,"(0.96969696969696972, None)",0.5,0.0301029996658834,"Ryukyu Islands, Japan",usp000hdw3,None
132,earthquake,2010-06-12T15:56:54.880Z,54.542,-161.473,50.7,5.1,0.0,"(0.96240601503759393, None)",0.5,0.0301029996658834,Alaska Peninsula,usp000hdw5,None
133,earthquake,2010-06-12T19:26:50.460Z,7.881,91.936,35,7.5,1.0,"(0.96268656716417911, None)",0.5,0.0301029996658834,"Nicobar Islands, India region",usp000hdwb,None
134,earthquake,2010-06-12T22:41:30.160Z,-10.894,166.115,120.9,5.3,1.0,"(0.96296296296296291, None)",0.5,0.0301029996658834,Santa Cruz Islands,usp000hdwk,None
135,earthquake,2010-06-12T22:44:42.140Z,7.674,91.967,35,5.2,1.0,"(0.96323529411764708, None)",0.5,0.0301029996658834,"Nicobar Islands, India region",usp000hdwm,None
136,earthquake,2010-06-13T02:20:22.780Z,-17.957,-66.778,269.5,5,1.0,"(0.96350364963503654, None)",0.5,0.0301029996658834,"Oruro, Bolivia",usp000hdwu,None
137,earthquake,2010-06-13T03:32:57.240Z,37.372,141.625,27,5.9,1.0,"(0.96376811594202894, None)",0.5,0.0301029996658834,"near the east coast of Honshu, Japan",usp000hdx3,None
138,earthquake,2010-06-13T04:01:07.680Z,7.86,92.09,37.3,5,1.0,"(0.96402877697841727, None)",0.5,0.0301029996658834,"Nicobar Islands, India region",usp000hdx5,None
139,earthquake,2010-06-13T06:26:04.790Z,7.779,91.992,35,5.2,0.0,"(0.95714285714285718, None)",0.5,0.0301029996658834,"Nicobar Islands, India region",usp000hdxb,None
140,earthquake,2010-06-13T07:05:35.620Z,7.794,91.895,27.7,5.2,0.0,"(0.95035460992907805, None)",0.5,0.0301029996658834,"Nicobar Islands, India region",usp000hdxd,None
141,earthquake,2010-06-13T07:48:47.810Z,22.739,-108.008,10,5.2,0.0,"(0.94366197183098588, None)",0.5,0.0301029996658834,"off the coast of Baja California Sur, Mexico",usp000hdxj,None
142,earthquake,2010-06-13T08:41:21.400Z,22.866,-107.816,10,5,1.0,"(0.94405594405594406, None)",0.5,0.0301029996658834,"off the coast of Sinaloa, Mexico",usp000hdxn,None
143,earthquake,2010-06-13T12:13:24.650Z,-0.201,34.489,10,5,0.0,"(0.9375, None)",0.5,0.0301029996658834,"Lake Victoria region, Kenya",usp000hdxv,None
144,earthquake,2010-06-13T12:25:20.810Z,-37.281,-94.289,10,5,1.0,"(0.93793103448275861, None)",0.5,0.0301029996658834,West Chile Rise,usp000hdxx,None
145,earthquake,2010-06-13T17:51:23.460Z,-5.971,147.616,54.3,5,1.0,"(0.93835616438356162, None)",0.5,0.0301029996658834,"eastern New Guinea region, Papua New Guinea",usp000hdy9,None
146,earthquake,2010-06-13T22:22:56.970Z,3.783,126.643,66.4,5,0.0,"(0.93197278911564629, None)",0.5,0.0301029996658834,"Kepulauan Talaud, Indonesia",usp000hdye,None
147,earthquake,2010-06-14T11:51:56.320Z,-26.415,27.474,2,5,1.0,"(0.93243243243243246, None)",0.5,0.0301029996658834,South Africa,usp000hdz5,None
148,earthquake,2010-06-15T00:31:18.000Z,24.04,121.62,16.7,5.3,1.0,"(0.93288590604026844, None)",0.5,0.0301029996658834,Taiwan,usp000hdzt,None
149,earthquake,2010-06-15T04:26:58.480Z,32.7,-115.921,5.4,5.8,1.0,"(0.93333333333333335, None)",0.5,0.0301029996658834,Southern California,usp000he04,None
150,earthquake,2010-06-15T22:06:58.470Z,-61.305,-35.922,27.9,5.1,1.0,"(0.93377483443708609, None)",0.5,0.0301029996658834,Scotia Sea,usp000he2t,None
151,earthquake,2010-06-15T23:24:27.650Z,7.404,91.823,35,5,1.0,"(0.93421052631578949, None)",0.5,0.0301029996658834,"Nicobar Islands, India region",usp000he2x,None
152,earthquake,2010-06-16T00:04:52.140Z,-6.46,129.181,223.3,5.3,1.0,"(0.934640522875817, None)",0.5,0.0301029996658834,Banda Sea,usp000he31,None
153,earthquake,2010-06-16T00:53:01.050Z,-1.461,119.35,54.7,5.4,1.0,"(0.93506493506493504, None)",0.5,0.0301029996658834,"Sulawesi, Indonesia",usp000he33,None
154,earthquake,2010-06-16T02:47:25.560Z,-10.26,161.433,42.8,5.6,0.0,"(0.92903225806451617, None)",0.5,0.0301029996658834,Solomon Islands,usp000he3a,None
155,earthquake,2010-06-16T03:06:02.420Z,-2.386,136.635,13,6.2,0.0,"(0.92307692307692313, None)",0.5,0.0301029996658834,"near the north coast of Papua, Indonesia",usp000he3d,None
156,earthquake,2010-06-16T03:16:27.550Z,-2.174,136.543,18,7,0.0,"(0.91719745222929938, None)",0.5,0.0301029996658834,"near the north coast of Papua, Indonesia",usp000he3f,None
157,earthquake,2010-06-16T03:24:24.940Z,-1.792,136.228,10,5,0.0,"(0.91139240506329111, None)",0.5,0.0301029996658834,"Biak region, Indonesia",usp000he3h,None
158,earthquake,2010-06-16T03:33:54.950Z,58.033,-139.375,5.3,5.1,0.0,"(0.90566037735849059, None)",0.5,0.0301029996658834,off the coast of Southeastern Alaska,usp000he3j,None
159,earthquake,2010-06-16T03:38:14.380Z,-2.243,136.717,10.7,5.2,0.0,"(0.90000000000000002, None)",0.5,0.0301029996658834,"near the north coast of Papua, Indonesia",usp000he3k,None
160,earthquake,2010-06-16T03:56:13.430Z,51.68,-173.799,50.8,5.1,0.0,"(0.89440993788819878, None)",0.5,0.0301029996658834,"Andreanof Islands, Aleutian Islands, Alaska",usp000he3m,None
161,earthquake,2010-06-16T03:58:08.480Z,-2.329,136.484,10.5,6.6,0.0,"(0.88888888888888884, None)",0.5,0.0301029996658834,"near the north coast of Papua, Indonesia",usp000he3n,None
162,earthquake,2010-06-16T06:10:44.550Z,-1.849,136.453,10,5,0.0,"(0.8834355828220859, None)",0.5,0.0301029996658834,"Biak region, Indonesia",usp000he47,None
163,earthquake,2010-06-16T12:24:42.600Z,2.635,128.53,41.3,5.1,1.0,"(0.88414634146341464, None)",0.5,0.0301029996658834,"Halmahera, Indonesia",usp000he4u,None
164,earthquake,2010-06-17T11:30:27.420Z,14.418,56.388,10,5.1,1.0,"(0.88484848484848488, None)",0.5,0.0301029996658834,Owen Fracture Zone region,usp000he6w,None
165,earthquake,2010-06-17T13:06:46.590Z,-33.168,179.719,170.4,6,1.0,"(0.88554216867469882, None)",0.5,0.0301029996658834,south of the Kermadec Islands,usp000he6x,None
166,earthquake,2010-06-17T16:35:34.590Z,-1.173,123.7,43.4,5.1,1.0,"(0.88622754491017963, None)",0.5,0.0301029996658834,"Sulawesi, Indonesia",usp000he78,None
167,earthquake,2010-06-18T02:23:05.580Z,44.448,148.689,28,6.2,1.0,"(0.88690476190476186, None)",0.5,0.0301029996658834,Kuril Islands,usp000he7r,None
168,earthquake,2010-06-18T14:42:53.310Z,-8.58,111.34,73.9,5,0.0,"(0.88165680473372776, None)",0.5,0.0301029996658834,"Java, Indonesia",usp000he85,None
169,earthquake,2010-06-18T23:09:31.020Z,13.197,93.087,20,5.9,1.0,"(0.88235294117647056, None)",0.5,0.0301029996658834,"Andaman Islands, India region",usp000he8q,None
170,earthquake,2010-06-19T02:39:17.590Z,44.43,148.841,44.5,5.2,1.0,"(0.88304093567251463, None)",0.5,0.0301029996658834,Kuril Islands,usp000he8v,None
171,earthquake,2010-06-19T10:00:50.020Z,41.42,142.453,34.3,5,0.0,"(0.87790697674418605, None)",0.5,0.0301029996658834,"Hokkaido, Japan region",usp000he9a,None
172,earthquake,2010-06-19T11:22:46.380Z,-3.319,150.523,35,5.3,0.0,"(0.87283236994219648, None)",0.5,0.0301029996658834,"New Ireland region, Papua New Guinea",usp000he9d,None
173,earthquake,2010-06-20T10:21:35.310Z,-5.885,146.648,80.5,5.4,1.0,"(0.87356321839080464, None)",0.5,0.0301029996658834,"eastern New Guinea region, Papua New Guinea",usp000hea7,None
174,earthquake,2010-06-20T21:08:51.580Z,-36.129,-100.176,23.2,5.6,0.0,"(0.86857142857142855, None)",0.5,0.0301029996658834,southeast of Easter Island,usp000heay,None
175,earthquake,2010-06-21T10:23:20.350Z,-17.18,166.83,35,5,1.0,"(0.86931818181818177, None)",0.5,0.0301029996658834,Vanuatu,usp000hebq,None
176,earthquake,2010-06-21T16:41:59.630Z,-49.939,110.641,10,5,1.0,"(0.87005649717514122, None)",0.5,0.0301029996658834,southeast Indian Ridge,usp000hebz,None
177,earthquake,2010-06-22T08:45:06.780Z,7.563,91.879,27.8,5,1.0,"(0.8707865168539326, None)",0.5,0.0301029996658834,"Nicobar Islands, India region",usp000hece,None
178,earthquake,2010-06-22T21:50:02.290Z,-55.769,-27.273,31.5,5,1.0,"(0.87150837988826813, None)",0.5,0.0301029996658834,South Sandwich Islands region,usp000hed3,None
179,earthquake,2010-06-22T22:16:20.590Z,-19.201,-177.553,562.5,5.8,0.0,"(0.8666666666666667, None)",0.5,0.0301029996658834,Fiji region,usp000hed6,None
180,earthquake,2010-06-22T23:14:10.840Z,29.872,80.428,16.3,5.2,1.0,"(0.86740331491712708, None)",0.5,0.0301029996658834,Nepal-India border region,usp000hed7,None
181,earthquake,2010-06-23T00:11:48.320Z,-5.684,146.403,86,5,1.0,"(0.86813186813186816, None)",0.5,0.0301029996658834,"eastern New Guinea region, Papua New Guinea",usp000heda,None
182,earthquake,2010-06-23T17:41:41.000Z,45.88,-75.48,22.4,5.2,1.0,"(0.86885245901639341, None)",0.5,0.0301029996658834,"Ontario-Quebec border region, Canada",usp000hee0,None
183,earthquake,2010-06-24T04:07:23.700Z,-35.595,-17.617,10,5.1,1.0,"(0.86956521739130432, None)",0.5,0.0301029996658834,southern Mid-Atlantic Ridge,usp000heex,None
184,earthquake,2010-06-24T04:08:35.060Z,7.696,91.958,20.5,5.5,0.0,"(0.86486486486486491, None)",0.5,0.0301029996658834,"Nicobar Islands, India region",usp000heey,None
185,earthquake,2010-06-24T05:32:27.400Z,-5.514,151.161,40,6.1,0.0,"(0.86021505376344087, None)",0.5,0.0301029996658834,"New Britain region, Papua New Guinea",usp000hef3,None
186,earthquake,2010-06-24T13:24:09.530Z,-36.875,-73.535,35,5,1.0,"(0.86096256684491979, None)",0.5,0.0301029996658834,"offshore Bio-Bio, Chile",usp000hefj,None
187,earthquake,2010-06-24T13:49:05.300Z,-34.539,-108.393,10,5.1,1.0,"(0.86170212765957444, None)",0.5,0.0301029996658834,southern East Pacific Rise,usp000hefk,None
188,earthquake,2010-06-24T18:07:46.760Z,7.622,91.979,26.1,5,1.0,"(0.86243386243386244, None)",0.5,0.0301029996658834,"Nicobar Islands, India region",usp000hefx,None
189,earthquake,2010-06-25T07:29:00.690Z,7.588,91.856,35,5.2,1.0,"(0.86315789473684212, None)",0.5,0.0301029996658834,"Nicobar Islands, India region",usp000hegr,None
190,earthquake,2010-06-25T17:09:01.510Z,15.766,-96.251,27.4,5.2,1.0,"(0.86387434554973819, None)",0.5,0.0301029996658834,"Oaxaca, Mexico",usp000heh8,None
191,earthquake,2010-06-26T05:30:19.490Z,-10.627,161.447,35,6.7,1.0,"(0.86458333333333337, None)",0.5,0.0301029996658834,Solomon Islands,usp000hej3,None
192,earthquake,2010-06-26T08:56:24.830Z,-32.917,-177.933,35.1,5.2,0.0,"(0.86010362694300513, None)",0.5,0.0301029996658834,south of the Kermadec Islands,usp000hej9,None
193,earthquake,2010-06-26T09:50:43.090Z,-8.07,108.089,68,5.9,1.0,"(0.86082474226804129, None)",0.5,0.0301029996658834,"Java, Indonesia",usp000hejb,None
194,earthquake,2010-06-26T18:40:14.170Z,-4.689,-77.232,117.1,5.2,0.0,"(0.85641025641025637, None)",0.5,0.0301029996658834,northern Peru,usp000hejm,None
195,earthquake,2010-06-26T19:01:18.490Z,-18.927,-69.164,104.4,5.4,0.0,"(0.85204081632653061, None)",0.5,0.0301029996658834,"Tarapaca, Chile",usp000hejp,None
196,earthquake,2010-06-26T22:43:59.570Z,-6.132,130.286,144.2,5,0.0,"(0.84771573604060912, None)",0.5,0.0301029996658834,Banda Sea,usp000hejv,None
197,earthquake,2010-06-27T06:32:03.080Z,12.064,46.493,10,5,1.0,"(0.84848484848484851, None)",0.5,0.0301029996658834,Gulf of Aden,usp000hekd,None
198,earthquake,2010-06-27T07:15:51.450Z,-36.875,-73.48,35,5,0.0,"(0.84422110552763818, None)",0.5,0.0301029996658834,"offshore Bio-Bio, Chile",usp000hekf,None
199,earthquake,2010-06-27T08:47:42.070Z,-4.489,101.342,27.6,5.4,0.0,"(0.83999999999999997, None)",0.5,0.0301029996658834,"southern Sumatra, Indonesia",usp000hekj,None
200,earthquake,2010-06-27T09:43:51.360Z,14.002,95.347,34.8,5,1.0,"(0.84079601990049746, None)",0.5,0.0301029996658834,"Andaman Islands, India region",usp000hekm,None
201,earthquake,2010-06-27T10:51:47.720Z,13.417,95.768,39.6,5,0.0,"(0.8366336633663366, None)",0.5,0.0301029996658834,"Andaman Islands, India region",usp000hekp,None
202,earthquake,2010-06-27T13:01:39.410Z,-8.873,160.863,35,5.1,0.0,"(0.83251231527093594, None)",0.5,0.0301029996658834,Solomon Islands,usp000hekx,None
203,earthquake,2010-06-27T14:19:14.830Z,-8.954,160.88,32.8,5.1,1.0,"(0.83333333333333337, None)",0.5,0.0301029996658834,Solomon Islands,usp000hem2,None
204,earthquake,2010-06-27T21:03:27.220Z,41.662,141.657,67.6,5.3,0.0,"(0.82926829268292679, None)",0.5,0.0301029996658834,"Hokkaido, Japan region",usp000hemc,None
205,earthquake,2010-06-27T23:47:29.380Z,5.283,126.984,31,5.3,1.0,"(0.83009708737864074, None)",0.5,0.0301029996658834,"Mindanao, Philippines",usp000hemg,None
206,earthquake,2010-06-28T00:59:47.000Z,-37.91,-75.038,28.2,5.6,0.0,"(0.82608695652173914, None)",0.5,0.0301029996658834,"off the coast of Bio-Bio, Chile",usp000hemk,None
207,earthquake,2010-06-28T10:44:15.400Z,-18.25,168.215,10,5,1.0,"(0.82692307692307687, None)",0.5,0.0301029996658834,Vanuatu,usp000hen4,None
208,earthquake,2010-06-28T12:07:25.120Z,30.672,141.593,7,5.8,0.0,"(0.82296650717703346, None)",0.5,0.0301029996658834,"Izu Islands, Japan region",usp000hen8,None
209,earthquake,2010-06-28T18:19:07.700Z,-8.947,160.863,35,5.8,1.0,"(0.82380952380952377, None)",0.5,0.0301029996658834,Solomon Islands,usp000henr,None
210,earthquake,2010-06-28T18:22:59.210Z,-8.884,160.895,35,5.3,0.0,"(0.81990521327014221, None)",0.5,0.0301029996658834,Solomon Islands,usp000hens,None
211,earthquake,2010-06-28T23:14:35.530Z,-18.259,168.162,35,5,0.0,"(0.81603773584905659, None)",0.5,0.0301029996658834,Vanuatu,usp000hep1,None
212,earthquake,2010-06-29T01:24:03.040Z,-4.772,153.843,164.1,5.2,0.0,"(0.81220657276995301, None)",0.5,0.0301029996658834,"New Ireland region, Papua New Guinea",usp000hep5,None
213,earthquake,2010-06-29T01:40:00.590Z,-37.836,-73.278,17,5.5,0.0,"(0.80841121495327106, None)",0.5,0.0301029996658834,"Bio-Bio, Chile",usp000hep7,None
214,earthquake,2010-06-29T11:48:19.030Z,48.273,154.276,43.3,5.5,0.0,"(0.8046511627906977, None)",0.5,0.0301029996658834,Kuril Islands,usp000hepk,None
215,earthquake,2010-06-29T12:55:34.470Z,-17.792,-173.553,47.9,5.1,1.0,"(0.80555555555555558, None)",0.5,0.0301029996658834,Tonga,usp000hepq,None
216,earthquake,2010-06-29T15:32:54.420Z,-17.177,-173.231,10,5.2,0.0,"(0.8018433179723502, None)",0.5,0.0301029996658834,Tonga,usp000hepx,None
217,earthquake,2010-06-30T04:31:02.160Z,-23.307,179.116,581.4,6.4,1.0,"(0.80275229357798161, None)",0.5,0.0301029996658834,south of the Fiji Islands,usp000heqb,None
218,earthquake,2010-06-30T05:02:49.670Z,-50.592,139.324,10,5.2,0.0,"(0.79908675799086759, None)",0.5,0.0301029996658834,western Indian-Antarctic Ridge,usp000heqd,None
219,earthquake,2010-06-30T07:22:27.690Z,16.396,-97.782,20,6.3,0.0,"(0.79545454545454541, None)",0.5,0.0301029996658834,"Oaxaca, Mexico",usp000heqj,None
220,earthquake,2010-06-30T10:54:52.480Z,-0.739,99.786,88.6,5,0.0,"(0.79185520361990946, None)",0.5,0.0301029996658834,"southern Sumatra, Indonesia",usp000heqs,None
221,earthquake,2010-06-30T15:17:11.400Z,-55.395,-27.94,35,5.3,0.0,"(0.78828828828828834, None)",0.5,0.0301029996658834,South Sandwich Islands region,usp000her2,None
222,earthquake,2010-06-30T22:24:24.000Z,-21.478,-68.572,131.2,5,1.0,"(0.78923766816143492, None)",0.5,0.0301029996658834,"Antofagasta, Chile",usp000herd,None
223,earthquake,2010-06-30T22:34:28.590Z,22.96,125.024,5.8,5.3,0.0,"(0.7857142857142857, None)",0.5,0.0301029996658834,southeast of Taiwan,usp000herf,None
224,earthquake,2010-07-01T03:07:45.210Z,-21.699,-174.938,13.8,5,0.0,"(0.78222222222222226, None)",0.5,0.0301029996658834,Tonga,usp000herv,None
225,earthquake,2010-07-01T15:21:49.570Z,1.243,97.187,37.6,5.1,1.0,"(0.7831858407079646, None)",0.5,0.0301029996658834,"Nias region, Indonesia",usp000hesb,None
226,earthquake,2010-07-01T16:57:49.260Z,-5.171,129.385,36.3,5.8,0.0,"(0.77973568281938321, None)",0.5,0.0301029996658834,Banda Sea,usp000hesf,None
227,earthquake,2010-07-01T20:58:22.790Z,-35.655,-72.36,24.4,5.1,0.0,"(0.77631578947368418, None)",0.5,0.0301029996658834,"Maule, Chile",usp000hesr,None
228,earthquake,2010-07-02T01:12:45.220Z,-14.476,167.334,201,5,1.0,"(0.77729257641921401, None)",0.5,0.0301029996658834,Vanuatu,usp000hesv,None
229,earthquake,2010-07-02T06:04:03.130Z,-13.643,166.485,29,6.3,1.0,"(0.77826086956521734, None)",0.5,0.0301029996658834,Vanuatu,usp000het5,None
230,earthquake,2010-07-02T08:07:20.570Z,-8.953,160.949,67.4,5.4,0.0,"(0.77489177489177485, None)",0.5,0.0301029996658834,Solomon Islands,usp000heta,None
231,earthquake,2010-07-02T12:00:13.530Z,-13.652,166.605,35,5.3,1.0,"(0.77586206896551724, None)",0.5,0.0301029996658834,Vanuatu,usp000hetj,None
232,earthquake,2010-07-02T12:28:00.840Z,-5.376,150.889,108.8,5.2,0.0,"(0.77253218884120167, None)",0.5,0.0301029996658834,"New Britain region, Papua New Guinea",usp000hetk,None
233,earthquake,2010-07-02T15:11:30.260Z,-16.985,-173.482,10,5,1.0,"(0.77350427350427353, None)",0.5,0.0301029996658834,Tonga,usp000hetu,None
234,earthquake,2010-07-02T16:25:25.810Z,-13.672,166.448,35,5,0.0,"(0.77021276595744681, None)",0.5,0.0301029996658834,Vanuatu,usp000hetx,None
235,earthquake,2010-07-02T18:23:09.050Z,10.227,92.249,24.8,5.4,0.0,"(0.76694915254237284, None)",0.5,0.0301029996658834,"Andaman Islands, India region",usp000heu1,None
236,earthquake,2010-07-02T20:07:16.000Z,11.779,143.106,16.7,5,0.0,"(0.76371308016877637, None)",0.5,0.0301029996658834,south of the Mariana Islands,usp000heu7,None
237,earthquake,2010-07-03T00:05:06.000Z,-34.775,-71.638,54.8,5.1,1.0,"(0.76470588235294112, None)",0.5,0.0301029996658834,"Libertador General Bernardo O'Higgins, Chile",usp000heub,None
238,earthquake,2010-07-03T00:37:25.260Z,-9.246,67.324,10,5.1,1.0,"(0.76569037656903771, None)",0.5,0.0301029996658834,Mid-Indian Ridge,usp000heue,None
239,earthquake,2010-07-03T00:37:28.000Z,-9.75,66.25,10,5.1,1.0,"(0.76666666666666672, None)",0.5,0.0301029996658834,Mid-Indian Ridge,gcmt20100703003728,None
240,earthquake,2010-07-03T01:37:30.720Z,-9.378,67.014,10,5.1,0.0,"(0.76348547717842319, None)",0.5,0.0301029996658834,Mid-Indian Ridge,usp000heuh,None
241,earthquake,2010-07-03T04:22:08.640Z,-21.7,-174.993,5.8,5,1.0,"(0.76446280991735538, None)",0.5,0.0301029996658834,Tonga,usp000heur,None
242,earthquake,2010-07-03T12:13:32.180Z,-11.414,163.59,55.5,5.3,1.0,"(0.76543209876543206, None)",0.5,0.0301029996658834,Solomon Islands,usp000hev2,None
243,earthquake,2010-07-03T19:33:14.680Z,39.058,140.715,24.9,5.1,0.0,"(0.76229508196721307, None)",0.5,0.0301029996658834,"eastern Honshu, Japan",usp000hev7,None
244,earthquake,2010-07-03T20:23:04.000Z,-3.5,149.5,10,5,0.0,"(0.75918367346938775, None)",0.5,0.0301029996658834,Bismarck Sea,gcmt20100703202304,None
245,earthquake,2010-07-04T05:21:15.540Z,18.528,145.085,464.6,5.4,1.0,"(0.76016260162601623, None)",0.5,0.0301029996658834,"Pagan region, Northern Mariana Islands",usp000hevr,None
246,earthquake,2010-07-04T06:57:44.810Z,-8.469,-80.471,28.7,5.7,0.0,"(0.75708502024291502, None)",0.5,0.0301029996658834,off the coast of northern Peru,usp000hevz,None
247,earthquake,2010-07-04T13:38:32.640Z,-14.884,-174.625,10,5,0.0,"(0.75403225806451613, None)",0.5,0.0301029996658834,Samoa Islands region,usp000hewf,None
248,earthquake,2010-07-04T16:13:42.860Z,-15.027,-174.615,10,5.3,1.0,"(0.75502008032128509, None)",0.5,0.0301029996658834,Tonga,usp000hewk,None
249,earthquake,2010-07-04T21:55:51.980Z,39.697,142.369,27,6.3,0.0,"(0.752, None)",0.5,0.0301029996658834,"near the east coast of Honshu, Japan",usp000heww,None
250,earthquake,2010-07-05T15:57:36.580Z,-54.174,-136.867,10,5.3,1.0,"(0.75298804780876494, None)",0.5,0.0301029996658834,Pacific-Antarctic Ridge,usp000hexn,None
251,earthquake,2010-07-05T21:47:27.120Z,-57.515,157.61,11.6,5.1,0.0,"(0.75, None)",0.5,0.0301029996658834,Macquarie Island region,usp000hexy,None
252,earthquake,2010-07-06T00:38:48.850Z,-2.673,141.413,8,5,0.0,"(0.74703557312252966, None)",0.5,0.0301029996658834,"near the north coast of New Guinea, Papua New Guinea",usp000hey3,None
253,earthquake,2010-07-06T01:16:20.200Z,-8.866,157.532,36.4,5.2,0.0,"(0.74409448818897639, None)",0.5,0.0301029996658834,Solomon Islands,usp000hey4,None
254,earthquake,2010-07-06T08:12:01.800Z,-50.453,114.266,10,5,0.0,"(0.74117647058823533, None)",0.5,0.0301029996658834,western Indian-Antarctic Ridge,usp000heyj,None
255,earthquake,2010-07-06T12:21:43.550Z,-50.477,114.179,10,5,0.0,"(0.73828125, None)",0.5,0.0301029996658834,western Indian-Antarctic Ridge,usp000heyu,None
256,earthquake,2010-07-06T13:47:49.640Z,10.358,-62.448,49.5,5,0.0,"(0.7354085603112841, None)",0.5,0.0301029996658834,"Gulf of Paria, Venezuela",usp000heyx,None
257,earthquake,2010-07-06T13:54:02.140Z,-35.619,-71.953,47.2,5,1.0,"(0.73643410852713176, None)",0.5,0.0301029996658834,"Maule, Chile",usp000heyy,None
258,earthquake,2010-07-06T16:38:05.760Z,-22.353,171.651,128.6,5.3,0.0,"(0.73359073359073357, None)",0.5,0.0301029996658834,southeast of the Loyalty Islands,usp000hez3,None
259,earthquake,2010-07-06T18:02:10.140Z,-53.73,140.606,10,5.3,0.0,"(0.73076923076923073, None)",0.5,0.0301029996658834,west of Macquarie Island,usp000hez5,None
260,earthquake,2010-07-06T18:28:22.420Z,-53.752,140.728,10,5,0.0,"(0.72796934865900387, None)",0.5,0.0301029996658834,west of Macquarie Island,usp000hez7,None
261,earthquake,2010-07-06T19:08:25.870Z,29.841,80.397,32.8,5,0.0,"(0.72519083969465647, None)",0.5,0.0301029996658834,Nepal-India border region,usp000hez9,None
262,earthquake,2010-07-07T06:50:40.970Z,-6.169,154.424,35,5.9,0.0,"(0.72243346007604559, None)",0.5,0.0301029996658834,"Bougainville region, Papua New Guinea",usp000hezn,None
263,earthquake,2010-07-07T09:13:31.610Z,-6.08,154.508,35,5.3,0.0,"(0.71969696969696972, None)",0.5,0.0301029996658834,"Bougainville region, Papua New Guinea",usp000hezs,None
264,earthquake,2010-07-07T10:50:16.940Z,-6.068,154.446,35,5,0.0,"(0.71698113207547165, None)",0.5,0.0301029996658834,"Bougainville region, Papua New Guinea",usp000hezw,None
265,earthquake,2010-07-07T11:31:21.300Z,-4.073,-103.734,10,5,0.0,"(0.7142857142857143, None)",0.5,0.0301029996658834,central East Pacific Rise,usp000hezy,None
266,earthquake,2010-07-07T20:38:54.550Z,8.955,-75.654,39.3,5,0.0,"(0.71161048689138573, None)",0.5,0.0301029996658834,northern Colombia,usp000hf0b,None
267,earthquake,2010-07-07T23:53:33.530Z,33.42,-116.489,14,5.5,0.0,"(0.70895522388059706, None)",0.5,0.0301029996658834,Southern California,usp000hf0e,None
268,earthquake,2010-07-08T04:55:17.060Z,-5.62,153.815,71.4,5.2,0.0,"(0.70631970260223054, None)",0.5,0.0301029996658834,"New Ireland region, Papua New Guinea",usp000hf0w,None
269,earthquake,2010-07-08T12:48:21.980Z,-24.007,-179.788,510.7,5.8,0.0,"(0.70370370370370372, None)",0.5,0.0301029996658834,south of the Fiji Islands,usp000hf19,None
270,earthquake,2010-07-08T13:46:58.420Z,14.372,93.26,35,5,0.0,"(0.70110701107011075, None)",0.5,0.0301029996658834,"Andaman Islands, India region",usp000hf1a,None
271,earthquake,2010-07-08T19:43:37.810Z,24.421,122.11,24.6,5,1.0,"(0.70220588235294112, None)",0.5,0.0301029996658834,Taiwan region,usp000hf1h,None
272,earthquake,2010-07-09T00:41:19.540Z,24.753,122.596,126.3,5.2,0.0,"(0.69963369963369959, None)",0.5,0.0301029996658834,Taiwan region,usp000hf1u,None
273,earthquake,2010-07-09T08:39:05.650Z,-6.335,-107.518,10,5,0.0,"(0.6970802919708029, None)",0.5,0.0301029996658834,central East Pacific Rise,usp000hf24,None
274,earthquake,2010-07-09T10:13:38.760Z,-6.04,105.495,67.6,5.1,0.0,"(0.69454545454545458, None)",0.5,0.0301029996658834,"Sunda Strait, Indonesia",usp000hf2a,None
275,earthquake,2010-07-09T11:16:15.900Z,-49.284,120.832,10,5.2,0.0,"(0.69202898550724634, None)",0.5,0.0301029996658834,western Indian-Antarctic Ridge,usp000hf2b,None
276,earthquake,2010-07-09T15:17:48.340Z,52.164,142.123,22.7,5,1.0,"(0.69314079422382668, None)",0.5,0.0301029996658834,"Sakhalin, Russia",usp000hf2j,None
277,earthquake,2010-07-09T16:56:30.120Z,-6.005,147.076,10,5,0.0,"(0.69064748201438853, None)",0.5,0.0301029996658834,"eastern New Guinea region, Papua New Guinea",usp000hf2k,None
278,earthquake,2010-07-09T22:57:17.810Z,-46.06,-75.589,14.9,5.3,0.0,"(0.68817204301075274, None)",0.5,0.0301029996658834,"near the coast of Aisen, Chile",usp000hf2z,None
279,earthquake,2010-07-10T05:39:43.080Z,14.006,145.026,136,5.6,0.0,"(0.68571428571428572, None)",0.5,0.0301029996658834,"Rota region, Northern Mariana Islands",usp000hf3f,None
280,earthquake,2010-07-10T06:18:23.650Z,-39.923,-16.526,10,5.2,0.0,"(0.68327402135231319, None)",0.5,0.0301029996658834,southern Mid-Atlantic Ridge,usp000hf3g,None
281,earthquake,2010-07-10T08:42:28.680Z,-10.532,161.338,59.5,5,0.0,"(0.68085106382978722, None)",0.5,0.0301029996658834,Solomon Islands,usp000hf3k,None
282,earthquake,2010-07-10T11:43:32.790Z,11.143,145.999,13,6.3,0.0,"(0.67844522968197885, None)",0.5,0.0301029996658834,south of the Mariana Islands,usp000hf3t,None
283,earthquake,2010-07-10T12:54:19.920Z,-7.863,158.709,47.2,5.7,0.0,"(0.676056338028169, None)",0.5,0.0301029996658834,Solomon Islands,usp000hf3w,None
284,earthquake,2010-07-10T14:49:50.970Z,-25.261,-176.538,72.8,5,0.0,"(0.67368421052631577, None)",0.5,0.0301029996658834,south of the Fiji Islands,usp000hf41,None
285,earthquake,2010-07-10T23:04:22.600Z,-30.582,-179.944,406.4,5.2,0.0,"(0.67132867132867136, None)",0.5,0.0301029996658834,Kermadec Islands region,usp000hf4f,None
286,earthquake,2010-07-11T02:24:05.870Z,-61.953,46.445,10,5,0.0,"(0.66898954703832758, None)",0.5,0.0301029996658834,South Indian Ocean,usp000hf4r,None
287,earthquake,2010-07-11T03:00:05.520Z,-30.813,-178.268,60.2,5,0.0,"(0.66666666666666663, None)",0.5,0.0301029996658834,"Kermadec Islands, New Zealand",usp000hf4t,None
288,earthquake,2010-07-11T13:23:40.160Z,-38.965,177.353,37.7,5.1,0.0,"(0.66435986159169547, None)",0.5,0.0301029996658834,North Island of New Zealand,usp000hf5f,None
289,earthquake,2010-07-11T21:08:25.420Z,7.596,91.898,42.8,5.2,1.0,"(0.66551724137931034, None)",0.5,0.0301029996658834,"Nicobar Islands, India region",usp000hf5w,None
290,earthquake,2010-07-12T00:11:21.250Z,-22.146,-68.216,115,6.3,0.0,"(0.66323024054982815, None)",0.5,0.0301029996658834,"Antofagasta, Chile",usp000hf5z,None
291,earthquake,2010-07-12T16:53:06.830Z,6.619,123.397,618,5.3,1.0,"(0.66438356164383561, None)",0.5,0.0301029996658834,"Moro Gulf, Mindanao, Philippines",usp000hf72,None
292,earthquake,2010-07-12T19:24:04.070Z,-43.45,39.932,10,5.2,0.0,"(0.66211604095563137, None)",0.5,0.0301029996658834,Prince Edward Islands region,usp000hf75,None
293,earthquake,2010-07-13T04:26:25.260Z,1.394,97.144,32.6,5.1,0.0,"(0.65986394557823125, None)",0.5,0.0301029996658834,"Nias region, Indonesia",usp000hf7u,None
294,earthquake,2010-07-13T22:21:05.270Z,1.369,97.182,42.9,5,1.0,"(0.66101694915254239, None)",0.5,0.0301029996658834,"Nias region, Indonesia",usp000hf8f,None
295,earthquake,2010-07-13T23:56:30.500Z,-2.433,138.795,31.1,5.7,0.0,"(0.65878378378378377, None)",0.5,0.0301029996658834,"Papua, Indonesia",usp000hf8g,None
296,earthquake,2010-07-14T08:21:14.370Z,-38.098,-73.412,35,5.1,0.0,"(0.65656565656565657, None)",0.5,0.0301029996658834,"Bio-Bio, Chile",usp000hf8x,None
297,earthquake,2010-07-14T08:32:21.490Z,-38.067,-73.31,22,6.6,0.0,"(0.65436241610738255, None)",0.5,0.0301029996658834,"Bio-Bio, Chile",usp000hf8z,None
298,earthquake,2010-07-14T11:01:27.240Z,51.811,-176.113,50.6,5.6,0.0,"(0.65217391304347827, None)",0.5,0.0301029996658834,"Andreanof Islands, Aleutian Islands, Alaska",usp000hf99,None
299,earthquake,2010-07-14T15:05:50.400Z,-38.224,-73.23,35,5.8,0.0,"(0.65000000000000002, None)",0.5,0.0301029996658834,"Bio-Bio, Chile",usp000hf9k,None
300,earthquake,2010-07-15T00:36:02.000Z,-34.153,-72.303,8.8,5.4,0.0,"(0.64784053156146182, None)",0.5,0.0301029996658834,"offshore Libertador O'Higgins, Chile",usp000hfa7,None
301,earthquake,2010-07-15T01:02:02.000Z,-38.133,-74.169,27.2,5,0.0,"(0.64569536423841056, None)",0.5,0.0301029996658834,"offshore Bio-Bio, Chile",usp000hfa8,None
302,earthquake,2010-07-16T00:06:42.520Z,12.826,-88.535,62.4,5.1,0.0,"(0.64356435643564358, None)",0.5,0.0301029996658834,offshore El Salvador,usp000hfb7,None
303,earthquake,2010-07-16T02:25:23.960Z,-21.281,-68.244,120.1,5.1,0.0,"(0.64144736842105265, None)",0.5,0.0301029996658834,"Antofagasta, Chile",usp000hfbc,None
304,earthquake,2010-07-16T05:45:52.540Z,-8.275,118.584,40.4,5.1,0.0,"(0.63934426229508201, None)",0.5,0.0301029996658834,"Sumbawa region, Indonesia",usp000hfbk,None
305,earthquake,2010-07-16T05:58:26.420Z,-8.234,118.591,47.6,5,0.0,"(0.63725490196078427, None)",0.5,0.0301029996658834,"Sumbawa region, Indonesia",usp000hfbm,None
306,earthquake,2010-07-16T08:11:01.900Z,36.81,26.91,165,5.1,0.0,"(0.63517915309446249, None)",0.5,0.0301029996658834,"Dodecanese Islands, Greece",usp000hfbp,None
307,earthquake,2010-07-16T18:53:10.450Z,39.34,23.992,9.1,5,1.0,"(0.63636363636363635, None)",0.5,0.0301029996658834,Aegean Sea,usp000hfc7,None
308,earthquake,2010-07-17T01:03:49.720Z,-5.777,147.109,69.7,5,0.0,"(0.63430420711974111, None)",0.5,0.0301029996658834,"eastern New Guinea region, Papua New Guinea",usp000hfcb,None
309,earthquake,2010-07-17T04:34:00.500Z,-20.676,-178.859,608.3,5.2,0.0,"(0.63225806451612898, None)",0.5,0.0301029996658834,Fiji region,usp000hfch,None
310,earthquake,2010-07-17T06:07:43.550Z,-24.715,-69.817,55,5.5,0.0,"(0.63022508038585212, None)",0.5,0.0301029996658834,"Antofagasta, Chile",usp000hfcn,None
311,earthquake,2010-07-17T16:20:01.580Z,-15.661,-175.223,10,5.6,1.0,"(0.63141025641025639, None)",0.5,0.0301029996658834,Tonga,usp000hfd1,None
312,earthquake,2010-07-17T20:35:31.290Z,-54.295,-136.74,10,5.3,0.0,"(0.62939297124600635, None)",0.5,0.0301029996658834,Pacific-Antarctic Ridge,usp000hfd5,None
313,earthquake,2010-07-18T03:29:37.000Z,-41.947,-73.838,45,5,1.0,"(0.63057324840764328, None)",0.5,0.0301029996658834,"Isla Chiloe, Los Lagos, Chile",usp000hfdk,None
314,earthquake,2010-07-18T05:56:44.930Z,52.876,-169.848,14,6.7,0.0,"(0.62857142857142856, None)",0.5,0.0301029996658834,"Fox Islands, Aleutian Islands, Alaska",usp000hfdm,None
315,earthquake,2010-07-18T13:03:24.500Z,24.131,122.47,26.9,5.1,0.0,"(0.62658227848101267, None)",0.5,0.0301029996658834,Taiwan region,usp000hfk9,None
316,earthquake,2010-07-18T13:04:09.410Z,-5.966,150.428,28,6.9,0.0,"(0.62460567823343849, None)",0.5,0.0301029996658834,"New Britain region, Papua New Guinea",usp000hfka,None
317,earthquake,2010-07-18T13:34:59.360Z,-5.931,150.59,35,7.3,0.0,"(0.62264150943396224, None)",0.5,0.0301029996658834,"New Britain region, Papua New Guinea",usp000hfku,None
318,earthquake,2010-07-18T19:48:04.540Z,52.815,-169.719,10,6,1.0,"(0.62382445141065834, None)",0.5,0.0301029996658834,"Fox Islands, Aleutian Islands, Alaska",usp000hfq4,None
319,earthquake,2010-07-18T20:50:28.250Z,-6.108,150.625,43.1,5.1,1.0,"(0.625, None)",0.5,0.0301029996658834,"New Britain region, Papua New Guinea",usp000hfqd,None
320,earthquake,2010-07-18T22:59:04.000Z,-37.28,-73.844,18.3,5,0.0,"(0.62305295950155759, None)",0.5,0.0301029996658834,"offshore Bio-Bio, Chile",usp000hfqw,None
321,earthquake,2010-07-19T03:01:12.630Z,-6.492,150.197,35,5.4,0.0,"(0.6211180124223602, None)",0.5,0.0301029996658834,"New Britain region, Papua New Guinea",usp000hfsj,None
322,earthquake,2010-07-19T07:24:41.160Z,-6.122,150.458,35,5,0.0,"(0.61919504643962853, None)",0.5,0.0301029996658834,"New Britain region, Papua New Guinea",usp000hfua,None
323,earthquake,2010-07-19T07:25:42.290Z,-6.068,150.495,35.9,5.2,0.0,"(0.61728395061728392, None)",0.5,0.0301029996658834,"New Britain region, Papua New Guinea",usp000hfuc,None
324,earthquake,2010-07-19T08:20:30.210Z,52.655,-169.333,10,5.7,0.0,"(0.61538461538461542, None)",0.5,0.0301029996658834,"Fox Islands, Aleutian Islands, Alaska",usp000hfuq,None
325,earthquake,2010-07-19T08:23:14.320Z,52.717,-169.561,10,5.5,0.0,"(0.61349693251533743, None)",0.5,0.0301029996658834,"Fox Islands, Aleutian Islands, Alaska",usp000hfus,None
326,earthquake,2010-07-19T10:36:59.690Z,-6.228,150.422,35,5,0.0,"(0.6116207951070336, None)",0.5,0.0301029996658834,"New Britain region, Papua New Guinea",usp000hfw1,None
327,earthquake,2010-07-19T14:24:40.540Z,52.724,-169.409,2.5,5.1,0.0,"(0.6097560975609756, None)",0.5,0.0301029996658834,"Fox Islands, Aleutian Islands, Alaska",usp000hfy2,None
328,earthquake,2010-07-19T15:34:22.490Z,-6.064,151.032,46.5,5.2,0.0,"(0.60790273556231, None)",0.5,0.0301029996658834,"New Britain region, Papua New Guinea",usp000hfym,None
329,earthquake,2010-07-19T17:15:04.560Z,49.46,-130.047,10,5.4,0.0,"(0.60606060606060608, None)",0.5,0.0301029996658834,"Vancouver Island, Canada region",usp000hfz8,None
330,earthquake,2010-07-19T19:09:06.620Z,52.781,-169.7,5,5,0.0,"(0.60422960725075525, None)",0.5,0.0301029996658834,"Fox Islands, Aleutian Islands, Alaska",usp000hg02,None
331,earthquake,2010-07-20T08:32:03.590Z,-8.71,157.697,25.3,5,0.0,"(0.60240963855421692, None)",0.5,0.0301029996658834,Solomon Islands,usp000hg4p,None
332,earthquake,2010-07-20T11:06:08.000Z,-55.5,-128.5,10,5,0.0,"(0.60060060060060061, None)",0.5,0.0301029996658834,Pacific-Antarctic Ridge,gcmt20100720110608,None
333,earthquake,2010-07-20T12:53:50.500Z,52.563,-169.341,13.2,5,0.0,"(0.59880239520958078, None)",0.5,0.0301029996658834,"Fox Islands, Aleutian Islands, Alaska",usp000hg5g,None
334,earthquake,2010-07-20T17:19:50.290Z,-29.031,-13.096,10,5.8,0.0,"(0.59701492537313428, None)",0.5,0.0301029996658834,southern Mid-Atlantic Ridge,usp000hg6s,None
335,earthquake,2010-07-20T19:18:20.370Z,-5.902,150.712,24,6.3,0.0,"(0.59523809523809523, None)",0.5,0.0301029996658834,"New Britain region, Papua New Guinea",usp000hg73,None
336,earthquake,2010-07-20T19:38:09.530Z,27.022,53.861,10,5.8,0.0,"(0.59347181008902072, None)",0.5,0.0301029996658834,southern Iran,usp000hg74,None
337,earthquake,2010-07-20T19:50:10.920Z,27.056,53.812,10,5.1,0.0,"(0.59171597633136097, None)",0.5,0.0301029996658834,southern Iran,usp000hg76,None
338,earthquake,2010-07-20T20:31:08.860Z,-6.015,150.696,35,5.6,0.0,"(0.58997050147492625, None)",0.5,0.0301029996658834,"New Britain region, Papua New Guinea",usp000hg7d,None
339,earthquake,2010-07-20T21:06:38.620Z,-22.775,171.759,42.5,5.5,0.0,"(0.58823529411764708, None)",0.5,0.0301029996658834,southeast of the Loyalty Islands,usp000hg7k,None
340,earthquake,2010-07-20T21:50:30.130Z,11.735,125.395,45.9,5,0.0,"(0.5865102639296188, None)",0.5,0.0301029996658834,"Samar, Philippines",usp000hg7y,None
341,earthquake,2010-07-20T23:54:33.440Z,-2.769,141.175,38.5,5.3,0.0,"(0.58479532163742687, None)",0.5,0.0301029996658834,"near the north coast of New Guinea, Papua New Guinea",usp000hg8f,None
342,earthquake,2010-07-21T05:51:46.290Z,52.681,-169.707,4.8,5.1,0.0,"(0.58309037900874638, None)",0.5,0.0301029996658834,"Fox Islands, Aleutian Islands, Alaska",usp000hg9w,None
343,earthquake,2010-07-21T09:16:04.420Z,3.039,128.222,100,6.1,0.0,"(0.58139534883720934, None)",0.5,0.0301029996658834,"north of Halmahera, Indonesia",usp000hgaq,None
344,earthquake,2010-07-21T11:29:45.490Z,-35.576,-104.013,10,5.3,0.0,"(0.57971014492753625, None)",0.5,0.0301029996658834,southeast of Easter Island,usp000hgb4,None
345,earthquake,2010-07-21T22:25:32.490Z,-5.001,101.131,25.7,5.2,1.0,"(0.58092485549132944, None)",0.5,0.0301029996658834,"southwest of Sumatra, Indonesia",usp000hgd2,None
346,earthquake,2010-07-21T22:36:32.990Z,-15.173,168.177,35,5,0.0,"(0.57925072046109505, None)",0.5,0.0301029996658834,Vanuatu,usp000hgd3,None
347,earthquake,2010-07-22T03:54:28.950Z,-6.332,150.45,41,5.1,0.0,"(0.57758620689655171, None)",0.5,0.0301029996658834,"New Britain region, Papua New Guinea",usp000hgeb,None
348,earthquake,2010-07-22T03:58:55.760Z,-6.3,150.552,35,5,0.0,"(0.5759312320916905, None)",0.5,0.0301029996658834,"New Britain region, Papua New Guinea",usp000hgec,None
349,earthquake,2010-07-22T04:45:04.440Z,-2.892,128.048,36.3,5,0.0,"(0.57428571428571429, None)",0.5,0.0301029996658834,"Ceram Sea, Indonesia",usp000hgej,None
350,earthquake,2010-07-22T05:03:56.440Z,-15.132,168.162,6,6.1,0.0,"(0.57264957264957261, None)",0.5,0.0301029996658834,Vanuatu,usp000hgeq,None
351,earthquake,2010-07-22T21:06:34.200Z,35.839,140.413,47,5.1,1.0,"(0.57386363636363635, None)",0.5,0.0301029996658834,"near the east coast of Honshu, Japan",usp000hgh2,None
352,earthquake,2010-07-22T22:26:49.380Z,1.361,126.932,79.5,5.3,0.0,"(0.57223796033994334, None)",0.5,0.0301029996658834,Molucca Sea,usp000hgha,None
353,earthquake,2010-07-22T23:27:10.980Z,26.777,143.119,15.1,5,0.0,"(0.57062146892655363, None)",0.5,0.0301029996658834,"Bonin Islands, Japan region",usp000hghk,None
354,earthquake,2010-07-23T14:34:13.250Z,-4.533,102.451,35,5.1,1.0,"(0.57183098591549297, None)",0.5,0.0301029996658834,"southern Sumatra, Indonesia",usp000hgkk,None
355,earthquake,2010-07-23T18:31:14.710Z,-22.143,170.117,48.5,5.2,0.0,"(0.5702247191011236, None)",0.5,0.0301029996658834,southeast of the Loyalty Islands,usp000hgkz,None
356,earthquake,2010-07-23T22:08:11.250Z,6.718,123.409,607.1,7.3,0.0,"(0.56862745098039214, None)",0.5,0.0301029996658834,"Moro Gulf, Mindanao, Philippines",usp000hgmd,None
357,earthquake,2010-07-23T22:19:35.230Z,6.684,123.571,605.3,5.5,0.0,"(0.56703910614525144, None)",0.5,0.0301029996658834,"Moro Gulf, Mindanao, Philippines",usp000hgme,None
358,earthquake,2010-07-23T22:20:47.360Z,6.867,123.622,617.2,5.2,0.0,"(0.56545961002785516, None)",0.5,0.0301029996658834,"Moro Gulf, Mindanao, Philippines",usp000hgmf,None
359,earthquake,2010-07-23T22:21:54.140Z,6.647,123.694,614.3,5,0.0,"(0.56388888888888888, None)",0.5,0.0301029996658834,"Moro Gulf, Mindanao, Philippines",usp000hgmg,None
360,earthquake,2010-07-23T22:51:11.840Z,6.497,123.48,578,7.6,0.0,"(0.56232686980609414, None)",0.5,0.0301029996658834,"Moro Gulf, Mindanao, Philippines",usp000hgmh,None
361,earthquake,2010-07-23T22:57:40.640Z,6.545,123.431,611.5,5.8,0.0,"(0.56077348066298338, None)",0.5,0.0301029996658834,"Moro Gulf, Mindanao, Philippines",usp000hgmj,None
362,earthquake,2010-07-23T22:59:48.930Z,7.319,123.765,601.7,5.8,0.0,"(0.55922865013774103, None)",0.5,0.0301029996658834,"Mindanao, Philippines",usp000hgmk,None
363,earthquake,2010-07-23T23:02:58.590Z,6.725,124.026,591.2,5.4,0.0,"(0.55769230769230771, None)",0.5,0.0301029996658834,"Mindanao, Philippines",usp000hgmm,None
364,earthquake,2010-07-23T23:15:10.190Z,6.776,123.259,640.6,7.5,0.0,"(0.55616438356164388, None)",0.5,0.0301029996658834,"Moro Gulf, Mindanao, Philippines",usp000hgmq,None
365,earthquake,2010-07-24T02:11:25.650Z,0.997,99.541,42,5.3,0.0,"(0.55464480874316935, None)",0.5,0.0301029996658834,"northern Sumatra, Indonesia",usp000hgn1,None
366,earthquake,2010-07-24T05:35:01.060Z,6.218,123.519,553,6.6,0.0,"(0.55313351498637597, None)",0.5,0.0301029996658834,"Moro Gulf, Mindanao, Philippines",usp000hgnj,None
367,earthquake,2010-07-24T07:46:18.900Z,-6.503,149.817,42.1,5.1,0.0,"(0.55163043478260865, None)",0.5,0.0301029996658834,"New Britain region, Papua New Guinea",usp000hgnt,None
368,earthquake,2010-07-24T07:55:40.440Z,-10.831,165.519,50.4,5.1,0.0,"(0.55013550135501355, None)",0.5,0.0301029996658834,Santa Cruz Islands,usp000hgnu,None
369,earthquake,2010-07-24T10:22:06.070Z,-5.506,147.666,171.2,5,0.0,"(0.5486486486486486, None)",0.5,0.0301029996658834,"eastern New Guinea region, Papua New Guinea",usp000hgp5,None
370,earthquake,2010-07-24T11:56:24.990Z,6.717,123.646,598.5,5.1,0.0,"(0.54716981132075471, None)",0.5,0.0301029996658834,"Moro Gulf, Mindanao, Philippines",usp000hgpb,None
371,earthquake,2010-07-24T15:17:50.590Z,-1.348,99.533,35,5,0.0,"(0.54569892473118276, None)",0.5,0.0301029996658834,"Kepulauan Mentawai region, Indonesia",usp000hgpz,None
372,earthquake,2010-07-24T17:13:24.850Z,60.31,-177.546,10,5.2,0.0,"(0.5442359249329759, None)",0.5,0.0301029996658834,Bering Sea,usp000hgq8,None
373,earthquake,2010-07-24T19:17:56.000Z,-12.548,114.522,10,5,0.0,"(0.54278074866310155, None)",0.5,0.0301029996658834,northwest of Australia,usp000hgqh,None
374,earthquake,2010-07-24T20:28:05.630Z,-8.137,68.032,10,5.1,0.0,"(0.54133333333333333, None)",0.5,0.0301029996658834,Chagos Archipelago region,usp000hgqm,None
375,earthquake,2010-07-24T21:46:36.000Z,-34.007,-72.308,23.5,5.2,0.0,"(0.53989361702127658, None)",0.5,0.0301029996658834,"offshore Libertador O'Higgins, Chile",usp000hgqq,None
376,earthquake,2010-07-24T23:51:12.640Z,-1.422,120.636,46.6,5.1,0.0,"(0.53846153846153844, None)",0.5,0.0301029996658834,"Sulawesi, Indonesia",usp000hgqw,None
377,earthquake,2010-07-25T03:39:17.410Z,-15.069,-173.548,7,5.9,0.0,"(0.53703703703703709, None)",0.5,0.0301029996658834,Tonga,usp000hgrb,None
378,earthquake,2010-07-25T03:52:11.670Z,22.759,120.84,32,5.2,0.0,"(0.53562005277044855, None)",0.5,0.0301029996658834,Taiwan,usp000hgrc,None
379,earthquake,2010-07-25T04:11:38.130Z,-15.051,-173.556,10,5.1,0.0,"(0.53421052631578947, None)",0.5,0.0301029996658834,Tonga,usp000hgre,None
380,earthquake,2010-07-25T08:18:29.180Z,6.82,123.562,618.4,5.3,0.0,"(0.53280839895013121, None)",0.5,0.0301029996658834,"Moro Gulf, Mindanao, Philippines",usp000hgs6,None
381,earthquake,2010-07-25T12:57:01.360Z,49.703,154.637,130,5.6,0.0,"(0.53141361256544506, None)",0.5,0.0301029996658834,Kuril Islands,usp000hgsn,None
382,earthquake,2010-07-26T13:19:13.900Z,-4.873,153.444,53.8,5,0.0,"(0.5300261096605744, None)",0.5,0.0301029996658834,"New Ireland region, Papua New Guinea",usp000hgv1,None
383,earthquake,2010-07-26T16:37:02.740Z,6.799,123.623,606.2,5,0.0,"(0.52864583333333337, None)",0.5,0.0301029996658834,"Moro Gulf, Mindanao, Philippines",usp000hgv9,None
384,earthquake,2010-07-26T17:08:49.850Z,-3.832,141.4,35,5.6,0.0,"(0.52727272727272723, None)",0.5,0.0301029996658834,"New Guinea, Papua New Guinea",usp000hgvb,None
385,earthquake,2010-07-26T17:31:31.260Z,-24.053,-66.825,193.2,5.6,0.0,"(0.52590673575129532, None)",0.5,0.0301029996658834,"Jujuy, Argentina",usp000hgvd,None
386,earthquake,2010-07-26T22:58:19.350Z,-23.966,-176.095,35,5,0.0,"(0.52454780361757103, None)",0.5,0.0301029996658834,south of the Fiji Islands,usp000hgvr,None
387,earthquake,2010-07-26T23:06:49.750Z,6.669,123.25,625.7,5.4,0.0,"(0.52319587628865982, None)",0.5,0.0301029996658834,"Moro Gulf, Mindanao, Philippines",usp000hgvs,None
388,earthquake,2010-07-26T23:19:18.230Z,-24.554,-176.929,116.9,5,0.0,"(0.52185089974293064, None)",0.5,0.0301029996658834,south of the Fiji Islands,usp000hgvt,None
389,earthquake,2010-07-26T23:31:04.710Z,38.933,142.156,19.5,5,0.0,"(0.52051282051282055, None)",0.5,0.0301029996658834,"near the east coast of Honshu, Japan",usp000hgvu,None
390,earthquake,2010-07-27T16:54:12.830Z,-7.318,126.393,377.7,5.5,0.0,"(0.51918158567774941, None)",0.5,0.0301029996658834,"Kepulauan Barat Daya, Indonesia",usp000hgx5,None
391,earthquake,2010-07-28T11:31:46.470Z,52.667,-169.408,10,5.6,1.0,"(0.52040816326530615, None)",0.5,0.0301029996658834,"Fox Islands, Aleutian Islands, Alaska",usp000hgyx,None
392,earthquake,2010-07-28T12:07:44.110Z,52.628,-169.345,14.9,5.2,0.0,"(0.51908396946564883, None)",0.5,0.0301029996658834,"Fox Islands, Aleutian Islands, Alaska",usp000hgzb,None
393,earthquake,2010-07-28T16:12:05.610Z,43.756,-125.815,10,5.2,0.0,"(0.51776649746192893, None)",0.5,0.0301029996658834,off the coast of Oregon,usp000hh0t,None
394,earthquake,2010-07-28T18:21:09.680Z,-12.236,165.523,28.9,5.2,0.0,"(0.51645569620253162, None)",0.5,0.0301029996658834,Santa Cruz Islands,usp000hh1g,None
395,earthquake,2010-07-29T05:30:11.510Z,-17.838,179.508,35,5.2,0.0,"(0.51515151515151514, None)",0.5,0.0301029996658834,Fiji,usp000hh38,None
396,earthquake,2010-07-29T07:31:56.240Z,6.548,123.222,618,6.6,0.0,"(0.51385390428211586, None)",0.5,0.0301029996658834,"Moro Gulf, Mindanao, Philippines",usp000hh3f,None
397,earthquake,2010-07-29T13:59:16.250Z,-15.6,-172.981,25.8,5,0.0,"(0.51256281407035176, None)",0.5,0.0301029996658834,Samoa Islands region,usp000hh3t,None
398,earthquake,2010-07-29T19:34:46.490Z,3.924,-74.999,51.4,5.1,0.0,"(0.51127819548872178, None)",0.5,0.0301029996658834,Colombia,usp000hh42,None
399,earthquake,2010-07-29T23:28:05.900Z,-20.147,66.855,10,5,0.0,"(0.51000000000000001, None)",0.5,0.0301029996658834,Mauritius - Reunion region,usp000hh49,None
400,earthquake,2010-07-30T03:56:13.710Z,52.498,159.843,23,6.3,0.0,"(0.50872817955112215, None)",0.5,0.0301029996658834,"off the east coast of the Kamchatka Peninsula, Russia",usp000hh4n,None
401,earthquake,2010-07-30T04:28:02.920Z,52.495,159.888,16.9,5.4,0.0,"(0.5074626865671642, None)",0.5,0.0301029996658834,"off the east coast of the Kamchatka Peninsula, Russia",usp000hh4s,None
402,earthquake,2010-07-30T04:37:20.440Z,-61.348,154.209,10,5.5,0.0,"(0.50620347394540943, None)",0.5,0.0301029996658834,Balleny Islands region,usp000hh4v,None
403,earthquake,2010-07-30T11:39:55.430Z,2.094,126.583,50.7,5.5,0.0,"(0.50495049504950495, None)",0.5,0.0301029996658834,Molucca Sea,usp000hh5e,None
404,earthquake,2010-07-30T12:10:54.000Z,-37.425,-73.642,15.9,5.1,0.0,"(0.50370370370370365, None)",0.5,0.0301029996658834,"offshore Bio-Bio, Chile",usp000hh5j,None
405,earthquake,2010-07-30T13:50:12.570Z,35.221,59.317,19,5.5,0.0,"(0.50246305418719217, None)",0.5,0.0301029996658834,northeastern Iran,usp000hh5v,None
406,earthquake,2010-07-30T14:41:27.200Z,11.623,-86.695,80.6,5.2,1.0,"(0.50368550368550369, None)",0.5,0.0301029996658834,near the coast of Nicaragua,usp000hh5w,None
407,earthquake,2010-07-30T20:43:05.350Z,27.691,139.672,496.9,5.3,0.0,"(0.50245098039215685, None)",0.5,0.0301029996658834,"Bonin Islands, Japan region",usp000hh6a,None
408,earthquake,2010-07-31T01:58:29.980Z,-1.074,67.456,10,5,0.0,"(0.5012224938875306, None)",0.5,0.0301029996658834,Carlsberg Ridge,usp000hh6t,None
409,earthquake,2010-07-31T04:28:19.960Z,-6.103,150.404,35,5.4,0.0,"(0.5, None)",0.5,0.0301029996658834,"New Britain region, Papua New Guinea",usp000hh70,None
410,earthquake,2010-07-31T05:15:13.640Z,13.436,-90.493,79.3,5,0.0,"(0.49878345498783455, None)",0.5,0.0301029996658834,offshore Guatemala,usp000hh73,None
411,earthquake,2010-07-31T06:52:57.800Z,29.703,56.812,4,5.4,0.0,"(0.49757281553398058, None)",0.5,0.0301029996658834,southern Iran,usp000hh7b,None
412,earthquake,2010-07-31T11:36:56.590Z,-0.763,-16.025,10,5.5,0.0,"(0.49636803874092011, None)",0.5,0.0301029996658834,north of Ascension Island,usp000hh7q,None
413,earthquake,2010-07-31T23:12:56.900Z,-6.996,150.65,43.2,5.2,0.0,"(0.49516908212560384, None)",0.5,0.0301029996658834,"New Britain region, Papua New Guinea",usp000hh8s,None
414,earthquake,2010-08-01T07:25:03.410Z,-31.522,179.741,385.4,5.4,0.0,"(0.49397590361445781, None)",0.5,0.0301029996658834,Kermadec Islands region,usp000hh98,None
415,earthquake,2010-08-01T15:46:21.170Z,7.604,136.002,35,5.2,0.0,"(0.49278846153846156, None)",0.5,0.0301029996658834,Palau region,usp000hham,None
416,earthquake,2010-08-02T00:07:36.000Z,-54.25,-2.75,10,5,0.0,"(0.49160671462829736, None)",0.5,0.0301029996658834,southern Mid-Atlantic Ridge,gcmt20100802000736,None
417,earthquake,2010-08-02T03:30:02.890Z,7.103,-34.206,10,5.8,0.0,"(0.49043062200956938, None)",0.5,0.0301029996658834,central Mid-Atlantic Ridge,usp000hhbp,None
418,earthquake,2010-08-02T14:17:15.720Z,62.056,145.567,21.1,5.3,0.0,"(0.48926014319809069, None)",0.5,0.0301029996658834,"Magadanskaya Oblast', Russia",usp000hhcq,None
419,earthquake,2010-08-02T21:47:41.870Z,-37.404,78.287,10,5.2,0.0,"(0.48809523809523808, None)",0.5,0.0301029996658834,Mid-Indian Ridge,usp000hhd8,None
420,earthquake,2010-08-02T23:13:29.800Z,-6.498,104.618,41.7,5.4,0.0,"(0.48693586698337293, None)",0.5,0.0301029996658834,"Sunda Strait, Indonesia",usp000hhde,None
421,earthquake,2010-08-03T01:48:12.880Z,10.94,93.246,83.8,5.1,0.0,"(0.48578199052132703, None)",0.5,0.0301029996658834,"Andaman Islands, India region",usp000hhdk,None
422,earthquake,2010-08-03T05:29:18.000Z,-19.932,-70.334,33.3,5.1,0.0,"(0.4846335697399527, None)",0.5,0.0301029996658834,"near the coast of Tarapaca, Chile",usp000hhdt,None
423,earthquake,2010-08-03T08:03:20.110Z,-6.35,103.964,47.1,5,0.0,"(0.48349056603773582, None)",0.5,0.0301029996658834,"southwest of Sumatra, Indonesia",usp000hhe2,None
424,earthquake,2010-08-03T12:08:25.950Z,1.239,126.213,41,6.3,0.0,"(0.4823529411764706, None)",0.5,0.0301029996658834,Molucca Sea,usp000hhe9,None
425,earthquake,2010-08-03T16:26:25.090Z,38.452,69.637,23.7,5.2,0.0,"(0.48122065727699531, None)",0.5,0.0301029996658834,Tajikistan,usp000hhef,None
426,earthquake,2010-08-03T19:42:13.160Z,-9.5,39.064,10,5.3,0.0,"(0.48009367681498827, None)",0.5,0.0301029996658834,Tanzania,usp000hhev,None
427,earthquake,2010-08-03T22:30:23.800Z,-22.562,171.502,16,5.6,0.0,"(0.47897196261682246, None)",0.5,0.0301029996658834,southeast of the Loyalty Islands,usp000hhf1,None
428,earthquake,2010-08-04T04:24:36.260Z,-23.91,-66.649,178.4,5.1,0.0,"(0.47785547785547783, None)",0.5,0.0301029996658834,"Jujuy, Argentina",usp000hhfc,None
429,earthquake,2010-08-04T04:46:20.380Z,-26.916,-177.245,19,6,0.0,"(0.47674418604651164, None)",0.5,0.0301029996658834,south of the Fiji Islands,usp000hhfd,None
430,earthquake,2010-08-04T07:15:33.510Z,-5.486,146.822,220,6.5,0.0,"(0.47563805104408352, None)",0.5,0.0301029996658834,"eastern New Guinea region, Papua New Guinea",usp000hhfk,None
431,earthquake,2010-08-04T10:07:12.000Z,-21.842,-175.039,35,5.5,0.0,"(0.47453703703703703, None)",0.5,0.0301029996658834,Tonga,usp000hhfu,None
432,earthquake,2010-08-04T12:58:24.200Z,51.423,-178.649,27,6.4,0.0,"(0.47344110854503463, None)",0.5,0.0301029996658834,"Andreanof Islands, Aleutian Islands, Alaska",usp000hhg7,None
433,earthquake,2010-08-04T21:32:44.670Z,-6.983,150.788,44.2,5,0.0,"(0.47235023041474655, None)",0.5,0.0301029996658834,"New Britain region, Papua New Guinea",usp000hhhv,None
434,earthquake,2010-08-04T21:51:26.130Z,51.424,-178.605,54.4,5.4,0.0,"(0.47126436781609193, None)",0.5,0.0301029996658834,"Andreanof Islands, Aleutian Islands, Alaska",usp000hhhw,None
435,earthquake,2010-08-04T22:01:43.620Z,-5.746,150.765,44,7,0.0,"(0.47018348623853212, None)",0.5,0.0301029996658834,"New Britain region, Papua New Guinea",usp000hhhx,None
436,earthquake,2010-08-04T23:48:02.070Z,45.98,153.175,27.8,6,0.0,"(0.46910755148741418, None)",0.5,0.0301029996658834,east of the Kuril Islands,usp000hhj5,None
437,earthquake,2010-08-05T01:12:45.160Z,-6.122,150.733,35,5.1,0.0,"(0.4680365296803653, None)",0.5,0.0301029996658834,"New Britain region, Papua New Guinea",usp000hhjc,None
438,earthquake,2010-08-05T05:09:22.840Z,-6.017,150.64,38.6,5.4,0.0,"(0.46697038724373574, None)",0.5,0.0301029996658834,"New Britain region, Papua New Guinea",usp000hhju,None
439,earthquake,2010-08-05T06:01:47.440Z,-37.443,-73.281,18,5.9,0.0,"(0.46590909090909088, None)",0.5,0.0301029996658834,"Bio-Bio, Chile",usp000hhjy,None
440,earthquake,2010-08-05T06:27:16.130Z,-37.432,-73.323,23.7,5.4,0.0,"(0.46485260770975056, None)",0.5,0.0301029996658834,"Bio-Bio, Chile",usp000hhk0,None
441,earthquake,2010-08-05T19:04:01.320Z,49.483,155.383,44.5,5,1.0,"(0.4660633484162896, None)",0.5,0.0301029996658834,Kuril Islands,usp000hhm6,None
442,earthquake,2010-08-05T20:35:51.110Z,-19.958,-70.357,42.7,5.2,0.0,"(0.4650112866817156, None)",0.5,0.0301029996658834,"near the coast of Tarapaca, Chile",usp000hhmb,None
443,earthquake,2010-08-06T02:43:11.280Z,-6.195,150.142,55.6,5,0.0,"(0.46396396396396394, None)",0.5,0.0301029996658834,"New Britain region, Papua New Guinea",usp000hhmy,None
444,earthquake,2010-08-06T05:03:59.480Z,-21.763,-179.451,595.3,5.5,0.0,"(0.46292134831460674, None)",0.5,0.0301029996658834,Fiji region,usp000hhn3,None
445,earthquake,2010-08-06T08:58:39.500Z,-7.4,128.454,57,5.4,0.0,"(0.46188340807174888, None)",0.5,0.0301029996658834,"Kepulauan Barat Daya, Indonesia",usp000hhnc,None
446,earthquake,2010-08-06T21:05:28.270Z,-38.255,-73.501,23,5,1.0,"(0.46308724832214765, None)",0.5,0.0301029996658834,"Bio-Bio, Chile",usp000hhpa,None
447,earthquake,2010-08-07T07:02:37.430Z,-15.215,167.453,159.4,5.2,0.0,"(0.46205357142857145, None)",0.5,0.0301029996658834,Vanuatu,usp000hhq3,None
448,earthquake,2010-08-07T11:17:57.340Z,12.837,144.838,40.3,5,0.0,"(0.46102449888641428, None)",0.5,0.0301029996658834,Guam region,usp000hhq9,None
449,earthquake,2010-08-07T12:51:58.070Z,-13.43,167.832,38.9,5.3,0.0,"(0.46000000000000002, None)",0.5,0.0301029996658834,Vanuatu,usp000hhqd,None
450,earthquake,2010-08-07T16:04:06.970Z,29.484,128.318,236,5.3,0.0,"(0.45898004434589801, None)",0.5,0.0301029996658834,"northwest of the Ryukyu Islands, Japan",usp000hhqj,None
451,earthquake,2010-08-08T10:23:00.290Z,50.71,175.598,10,5.1,1.0,"(0.46017699115044247, None)",0.5,0.0301029996658834,"Rat Islands, Aleutian Islands, Alaska",usp000hhrq,None
452,earthquake,2010-08-08T12:04:28.800Z,51.343,-178.571,28,5.5,0.0,"(0.45916114790286977, None)",0.5,0.0301029996658834,"Andreanof Islands, Aleutian Islands, Alaska",usp000hhrx,None
453,earthquake,2010-08-09T02:54:50.810Z,30.309,94.829,44.8,5,1.0,"(0.46035242290748901, None)",0.5,0.0301029996658834,eastern Xizang,usp000hhsx,None
454,earthquake,2010-08-09T03:34:15.980Z,-6.082,112.995,598.5,5.3,0.0,"(0.45934065934065932, None)",0.5,0.0301029996658834,"Java, Indonesia",usp000hhsy,None
455,earthquake,2010-08-09T09:11:06.970Z,18.944,39.262,10,5,0.0,"(0.45833333333333331, None)",0.5,0.0301029996658834,Red Sea,usp000hhta,None
456,earthquake,2010-08-09T12:13:43.000Z,-38.717,-73.149,38.7,5,0.0,"(0.45733041575492339, None)",0.5,0.0301029996658834,"Araucania, Chile",usp000hhtg,None
457,earthquake,2010-08-09T20:25:51.150Z,-21.055,-174.622,19.6,5.2,0.0,"(0.45633187772925765, None)",0.5,0.0301029996658834,Tonga,usp000hhtw,None
458,earthquake,2010-08-09T22:21:43.230Z,13.608,92.817,20.9,5.2,0.0,"(0.45533769063180829, None)",0.5,0.0301029996658834,"Andaman Islands, India region",usp000hhu0,None
459,earthquake,2010-08-10T01:41:04.110Z,28.616,142.255,19.6,5,0.0,"(0.45434782608695651, None)",0.5,0.0301029996658834,"Bonin Islands, Japan region",usp000hhu6,None
460,earthquake,2010-08-10T04:52:41.360Z,-14.001,-72.719,88.6,5,0.0,"(0.45336225596529284, None)",0.5,0.0301029996658834,central Peru,usp000hhub,None
461,earthquake,2010-08-10T05:23:44.980Z,-17.541,168.069,25,7.3,0.0,"(0.45238095238095238, None)",0.5,0.0301029996658834,Vanuatu,usp000hhuc,None
462,earthquake,2010-08-10T05:50:37.540Z,39.406,143.148,22.4,5.9,0.0,"(0.45140388768898487, None)",0.5,0.0301029996658834,"off the east coast of Honshu, Japan",usp000hhue,None
463,earthquake,2010-08-10T06:01:02.000Z,-17.428,167.706,35,5,0.0,"(0.45043103448275862, None)",0.5,0.0301029996658834,Vanuatu,usp000hhuf,None
464,earthquake,2010-08-10T06:01:38.870Z,-17.74,167.685,35,5,0.0,"(0.44946236559139785, None)",0.5,0.0301029996658834,Vanuatu,usp000hhug,None
465,earthquake,2010-08-10T06:08:04.100Z,-17.573,168.126,35,5,0.0,"(0.44849785407725323, None)",0.5,0.0301029996658834,Vanuatu,usp000hhuj,None
466,earthquake,2010-08-10T06:14:36.210Z,-17.386,167.781,35,5.3,0.0,"(0.4475374732334047, None)",0.5,0.0301029996658834,Vanuatu,usp000hhun,None
467,earthquake,2010-08-10T09:21:53.440Z,-17.66,167.801,35,5,0.0,"(0.4465811965811966, None)",0.5,0.0301029996658834,Vanuatu,usp000hhvd,None
468,earthquake,2010-08-10T09:53:58.080Z,-17.551,167.71,35,5.1,0.0,"(0.44562899786780386, None)",0.5,0.0301029996658834,Vanuatu,usp000hhvh,None
469,earthquake,2010-08-10T11:49:17.380Z,-17.404,167.801,37.2,5.1,0.0,"(0.44468085106382976, None)",0.5,0.0301029996658834,Vanuatu,usp000hhvs,None
470,earthquake,2010-08-10T12:39:44.430Z,-17.461,167.867,30.5,5.1,0.0,"(0.4437367303609342, None)",0.5,0.0301029996658834,Vanuatu,usp000hhvx,None
471,earthquake,2010-08-10T16:02:13.800Z,-17.332,167.817,35,5.1,0.0,"(0.44279661016949151, None)",0.5,0.0301029996658834,Vanuatu,usp000hhwh,None
472,earthquake,2010-08-10T19:05:15.070Z,-17.728,167.832,40,5.2,0.0,"(0.44186046511627908, None)",0.5,0.0301029996658834,Vanuatu,usp000hhwv,None
473,earthquake,2010-08-10T20:56:00.230Z,14.949,-91.511,158.6,5,0.0,"(0.44092827004219409, None)",0.5,0.0301029996658834,Guatemala,usp000hhx2,None
474,earthquake,2010-08-10T21:58:31.910Z,-17.331,167.827,28.9,5.1,0.0,"(0.44, None)",0.5,0.0301029996658834,Vanuatu,usp000hhx4,None
475,earthquake,2010-08-10T23:18:31.770Z,-14.46,167.345,191.6,5.9,0.0,"(0.43907563025210083, None)",0.5,0.0301029996658834,Vanuatu,usp000hhx6,None
476,earthquake,2010-08-11T01:22:27.700Z,-17.164,168.2,35,5.2,0.0,"(0.43815513626834379, None)",0.5,0.0301029996658834,Vanuatu,usp000hhx8,None
477,earthquake,2010-08-11T03:29:48.710Z,-17.804,167.685,35,5.4,0.0,"(0.43723849372384938, None)",0.5,0.0301029996658834,Vanuatu,usp000hhxj,None
478,earthquake,2010-08-11T03:35:19.150Z,-17.403,167.814,35,5.9,0.0,"(0.43632567849686849, None)",0.5,0.0301029996658834,Vanuatu,usp000hhxk,None
479,earthquake,2010-08-11T05:02:56.010Z,-17.606,167.743,35,5.3,0.0,"(0.43541666666666667, None)",0.5,0.0301029996658834,Vanuatu,usp000hhxr,None
480,earthquake,2010-08-11T09:51:12.860Z,-42.929,-81.921,10,5.4,0.0,"(0.43451143451143454, None)",0.5,0.0301029996658834,West Chile Rise,usp000hhya,None
481,earthquake,2010-08-11T17:26:19.700Z,37.799,57.017,14.8,5,1.0,"(0.43568464730290457, None)",0.5,0.0301029996658834,Turkmenistan-Iran border region,usp000hhyx,None
482,earthquake,2010-08-11T19:10:21.430Z,-7.495,107.058,37.4,5.3,1.0,"(0.43685300207039335, None)",0.5,0.0301029996658834,"Java, Indonesia",usp000hhyz,None
483,earthquake,2010-08-11T20:20:11.030Z,-17.988,167.781,27.8,5.5,0.0,"(0.43595041322314049, None)",0.5,0.0301029996658834,Vanuatu,usp000hhz5,None
484,earthquake,2010-08-11T22:53:37.370Z,-13.076,166.439,35,5.1,0.0,"(0.43505154639175259, None)",0.5,0.0301029996658834,Vanuatu,usp000hhzc,None
485,earthquake,2010-08-11T23:58:01.660Z,-5.387,154.126,120.4,5.2,0.0,"(0.43415637860082307, None)",0.5,0.0301029996658834,"Bougainville region, Papua New Guinea",usp000hhze,None
486,earthquake,2010-08-12T00:59:21.950Z,-63.57,171.736,10,5.1,0.0,"(0.43326488706365501, None)",0.5,0.0301029996658834,Balleny Islands region,usp000hhzg,None
487,earthquake,2010-08-12T02:56:01.250Z,-17.956,167.83,35,5.1,0.0,"(0.43237704918032788, None)",0.5,0.0301029996658834,Vanuatu,usp000hhzp,None
488,earthquake,2010-08-12T08:56:00.510Z,-17.423,167.798,35,5.5,0.0,"(0.43149284253578735, None)",0.5,0.0301029996658834,Vanuatu,usp000hhzx,None
489,earthquake,2010-08-12T11:54:15.580Z,-1.266,-77.306,206.7,7.1,0.0,"(0.43061224489795918, None)",0.5,0.0301029996658834,Ecuador,usp000hj05,None
490,earthquake,2010-08-12T12:53:49.710Z,-17.348,167.727,42.7,5.2,0.0,"(0.42973523421588594, None)",0.5,0.0301029996658834,Vanuatu,usp000hj0a,None
491,earthquake,2010-08-12T22:06:10.950Z,-41.425,-86.826,10,5.1,0.0,"(0.42886178861788615, None)",0.5,0.0301029996658834,West Chile Rise,usp000hj0v,None
492,earthquake,2010-08-13T01:33:55.990Z,48.246,148.503,391.2,5.4,0.0,"(0.42799188640973629, None)",0.5,0.0301029996658834,northwest of the Kuril Islands,usp000hj12,None
493,earthquake,2010-08-13T05:40:48.010Z,36.969,-32.778,10,5.3,0.0,"(0.42712550607287447, None)",0.5,0.0301029996658834,Azores Islands region,usp000hj1f,None
494,earthquake,2010-08-13T06:28:13.220Z,37.042,-32.987,10,5.1,0.0,"(0.42626262626262629, None)",0.5,0.0301029996658834,Azores Islands region,usp000hj1p,None
495,earthquake,2010-08-13T07:58:48.760Z,36.877,-32.874,10,5.5,0.0,"(0.42540322580645162, None)",0.5,0.0301029996658834,Azores Islands region,usp000hj1u,None
496,earthquake,2010-08-13T12:08:42.160Z,36.61,-32.749,10,5,0.0,"(0.42454728370221329, None)",0.5,0.0301029996658834,Azores Islands region,usp000hj24,None
497,earthquake,2010-08-13T18:42:36.900Z,-7.067,150.153,47.4,5,0.0,"(0.42369477911646586, None)",0.5,0.0301029996658834,"New Britain region, Papua New Guinea",usp000hj2f,None
498,earthquake,2010-08-13T21:19:34.090Z,12.487,141.474,16,6.9,0.0,"(0.42284569138276551, None)",0.5,0.0301029996658834,Mariana Islands region,usp000hj2j,None
499,earthquake,2010-08-14T01:08:33.960Z,-3.09,139.77,2,5.6,0.0,"(0.42199999999999999, None)",0.5,0.0301029996658834,"Papua, Indonesia",usp000hj31,None
500,earthquake,2010-08-14T01:34:01.200Z,26.238,141.104,108.1,5.3,0.0,"(0.42115768463073855, None)",0.5,0.0301029996658834,"Bonin Islands, Japan region",usp000hj33,None
501,earthquake,2010-08-14T07:30:16.940Z,12.348,141.487,10,6.2,0.0,"(0.42031872509960161, None)",0.5,0.0301029996658834,Mariana Islands region,usp000hj3z,None
502,earthquake,2010-08-14T07:31:01.920Z,12.412,141.634,10,5.7,0.0,"(0.41948310139165013, None)",0.5,0.0301029996658834,Mariana Islands region,usp000hj40,None
503,earthquake,2010-08-14T07:35:28.150Z,12.353,141.587,10,5.2,0.0,"(0.41865079365079366, None)",0.5,0.0301029996658834,Mariana Islands region,usp000hj41,None
504,earthquake,2010-08-14T07:42:38.280Z,12.316,141.532,10,5,0.0,"(0.4178217821782178, None)",0.5,0.0301029996658834,Mariana Islands region,usp000hj43,None
505,earthquake,2010-08-14T07:44:52.740Z,12.331,141.669,10,5,0.0,"(0.41699604743083002, None)",0.5,0.0301029996658834,Mariana Islands region,usp000hj45,None
506,earthquake,2010-08-14T07:48:59.250Z,12.377,141.652,10,5.1,0.0,"(0.41617357001972388, None)",0.5,0.0301029996658834,Mariana Islands region,usp000hj46,None
507,earthquake,2010-08-14T08:20:57.320Z,12.356,141.636,10,5,0.0,"(0.4153543307086614, None)",0.5,0.0301029996658834,Mariana Islands region,usp000hj4c,None
508,earthquake,2010-08-14T08:40:40.690Z,11.291,-62.398,136.9,5.2,0.0,"(0.41453831041257366, None)",0.5,0.0301029996658834,"offshore Sucre, Venezuela",usp000hj4g,None
509,earthquake,2010-08-14T10:36:00.180Z,-5.736,150.948,35,5.4,0.0,"(0.4137254901960784, None)",0.5,0.0301029996658834,"New Britain region, Papua New Guinea",usp000hj4y,None
510,earthquake,2010-08-14T13:37:53.050Z,-3.953,100.574,35,5,0.0,"(0.41291585127201563, None)",0.5,0.0301029996658834,"Kepulauan Mentawai region, Indonesia",usp000hj58,None
511,earthquake,2010-08-14T14:44:32.540Z,12.307,141.461,10,5.6,0.0,"(0.412109375, None)",0.5,0.0301029996658834,Mariana Islands region,usp000hj5g,None
512,earthquake,2010-08-14T16:12:40.040Z,12.333,141.527,10,5,0.0,"(0.41130604288499023, None)",0.5,0.0301029996658834,Mariana Islands region,usp000hj5n,None
513,earthquake,2010-08-14T16:35:43.950Z,12.303,141.566,10,5.6,0.0,"(0.41050583657587547, None)",0.5,0.0301029996658834,Mariana Islands region,usp000hj5p,None
514,earthquake,2010-08-14T17:26:34.450Z,12.446,141.555,10,5,0.0,"(0.40970873786407769, None)",0.5,0.0301029996658834,Mariana Islands region,usp000hj5u,None
515,earthquake,2010-08-14T19:19:37.240Z,-7.017,150.14,32.9,5,0.0,"(0.40891472868217055, None)",0.5,0.0301029996658834,"New Britain region, Papua New Guinea",usp000hj6a,None
516,earthquake,2010-08-14T20:18:02.280Z,28.326,66.323,35,5.2,0.0,"(0.40812379110251451, None)",0.5,0.0301029996658834,Pakistan,usp000hj6d,None
517,earthquake,2010-08-14T21:01:26.470Z,12.254,141.459,10,5.1,0.0,"(0.40733590733590735, None)",0.5,0.0301029996658834,Mariana Islands region,usp000hj6g,None
518,earthquake,2010-08-14T23:01:04.090Z,12.273,141.429,13,6.6,0.0,"(0.40655105973025046, None)",0.5,0.0301029996658834,Mariana Islands region,usp000hj6r,None
519,earthquake,2010-08-14T23:27:31.750Z,12.253,141.455,10,5,0.0,"(0.40576923076923077, None)",0.5,0.0301029996658834,Mariana Islands region,usp000hj6t,None
520,earthquake,2010-08-14T23:50:41.410Z,12.273,141.464,10,5,0.0,"(0.4049904030710173, None)",0.5,0.0301029996658834,Mariana Islands region,usp000hj6w,None
521,earthquake,2010-08-15T02:10:38.390Z,53.557,160.121,40.3,5.5,0.0,"(0.4042145593869732, None)",0.5,0.0301029996658834,"near the east coast of the Kamchatka Peninsula, Russia",usp000hj75,None
522,earthquake,2010-08-15T02:51:20.160Z,-22.043,-179.742,595.9,5.5,0.0,"(0.40344168260038243, None)",0.5,0.0301029996658834,south of the Fiji Islands,usp000hj78,None
523,earthquake,2010-08-15T03:04:14.890Z,-7.113,150.061,50.4,5,0.0,"(0.40267175572519082, None)",0.5,0.0301029996658834,"New Britain region, Papua New Guinea",usp000hj79,None
524,earthquake,2010-08-15T04:00:57.620Z,12.164,141.461,10,5.2,0.0,"(0.40190476190476193, None)",0.5,0.0301029996658834,Mariana Islands region,usp000hj7d,None
525,earthquake,2010-08-15T04:07:34.180Z,12.246,141.488,10,5,0.0,"(0.40114068441064638, None)",0.5,0.0301029996658834,Mariana Islands region,usp000hj7e,None
526,earthquake,2010-08-15T06:13:28.600Z,12.247,141.556,10,5.1,0.0,"(0.40037950664136623, None)",0.5,0.0301029996658834,Mariana Islands region,usp000hj7r,None
527,earthquake,2010-08-15T07:50:36.090Z,-36.814,-71.101,8.9,5.2,0.0,"(0.3996212121212121, None)",0.5,0.0301029996658834,"Neuquen, Argentina",usp000hj7w,None
528,earthquake,2010-08-15T08:46:55.940Z,12.25,141.43,10,5.1,0.0,"(0.3988657844990548, None)",0.5,0.0301029996658834,Mariana Islands region,usp000hj80,None
529,earthquake,2010-08-15T11:53:19.340Z,-21.838,-174.573,12.3,5.1,0.0,"(0.39811320754716983, None)",0.5,0.0301029996658834,Tonga,usp000hj89,None
530,earthquake,2010-08-15T12:55:02.730Z,12.186,141.502,10,5.1,0.0,"(0.39736346516007531, None)",0.5,0.0301029996658834,Mariana Islands region,usp000hj8k,None
531,earthquake,2010-08-15T15:09:29.240Z,-5.692,148.342,174.7,6.3,0.0,"(0.39661654135338348, None)",0.5,0.0301029996658834,"New Britain region, Papua New Guinea",usp000hj8s,None
532,earthquake,2010-08-16T03:30:53.310Z,-17.759,65.647,9.8,6.3,1.0,"(0.39774859287054409, None)",0.5,0.0301029996658834,Mauritius - Reunion region,usp000hj9t,None
533,earthquake,2010-08-16T17:20:11.780Z,-17.438,167.879,15.5,5.2,0.0,"(0.39700374531835209, None)",0.5,0.0301029996658834,Vanuatu,usp000hjab,None
534,earthquake,2010-08-16T18:56:12.780Z,-7.377,128.583,161.2,5,0.0,"(0.39626168224299063, None)",0.5,0.0301029996658834,"Kepulauan Barat Daya, Indonesia",usp000hjad,None
535,earthquake,2010-08-16T19:03:42.040Z,71.902,-1.626,10,5,0.0,"(0.39552238805970147, None)",0.5,0.0301029996658834,Jan Mayen Island region,usp000hjae,None
536,earthquake,2010-08-16T19:35:49.000Z,-20.799,-178.826,603.2,6.2,0.0,"(0.39478584729981381, None)",0.5,0.0301029996658834,Fiji region,usp000hjaf,None
537,earthquake,2010-08-16T22:19:17.250Z,-8.546,112.53,73.6,5,0.0,"(0.39405204460966542, None)",0.5,0.0301029996658834,"Java, Indonesia",usp000hjan,None
538,earthquake,2010-08-17T01:35:52.260Z,-22.693,171.325,31.4,5,0.0,"(0.39332096474953615, None)",0.5,0.0301029996658834,southeast of the Loyalty Islands,usp000hjap,None
539,earthquake,2010-08-17T01:39:28.500Z,11.602,94.973,13.8,5.4,0.0,"(0.3925925925925926, None)",0.5,0.0301029996658834,"Andaman Islands, India region",usp000hjar,None
540,earthquake,2010-08-17T03:22:50.840Z,-5.321,-80.003,67.2,5.2,0.0,"(0.39186691312384475, None)",0.5,0.0301029996658834,near the coast of northern Peru,usp000hjay,None
541,earthquake,2010-08-17T10:43:57.450Z,-30.042,-177.234,35,5.3,0.0,"(0.39114391143911437, None)",0.5,0.0301029996658834,"Kermadec Islands, New Zealand",usp000hjb6,None
542,earthquake,2010-08-17T15:27:21.570Z,52.914,-170.452,10,5.1,0.0,"(0.39042357274401474, None)",0.5,0.0301029996658834,"Fox Islands, Aleutian Islands, Alaska",usp000hjbk,None
543,earthquake,2010-08-18T16:28:15.440Z,12.234,141.514,10,6.3,0.0,"(0.38970588235294118, None)",0.5,0.0301029996658834,Mariana Islands region,usp000hjda,None
544,earthquake,2010-08-18T19:49:09.770Z,-16.109,-174.139,141.5,5.4,0.0,"(0.38899082568807342, None)",0.5,0.0301029996658834,Tonga,usp000hjdh,None
545,earthquake,2010-08-18T23:33:14.530Z,32.01,137.918,365.3,5.3,0.0,"(0.38827838827838829, None)",0.5,0.0301029996658834,"Izu Islands, Japan region",usp000hjdn,None
546,earthquake,2010-08-19T05:12:05.280Z,-10.084,161.061,64.1,5.2,0.0,"(0.38756855575868371, None)",0.5,0.0301029996658834,Solomon Islands,usp000hje2,None
547,earthquake,2010-08-19T22:13:02.600Z,14.03,-91.121,67.7,5.5,0.0,"(0.38686131386861317, None)",0.5,0.0301029996658834,Guatemala,usp000hjfs,None
548,earthquake,2010-08-19T22:19:18.580Z,11.141,95.071,20,5.1,0.0,"(0.38615664845173042, None)",0.5,0.0301029996658834,"Andaman Islands, India region",usp000hjft,None
549,earthquake,2010-08-19T22:42:21.540Z,18.621,146.415,69.6,5.2,0.0,"(0.38545454545454544, None)",0.5,0.0301029996658834,"Pagan region, Northern Mariana Islands",usp000hjfw,None
550,earthquake,2010-08-20T02:52:35.570Z,51.367,-178.503,54.1,5.2,0.0,"(0.38475499092558985, None)",0.5,0.0301029996658834,"Andreanof Islands, Aleutian Islands, Alaska",usp000hjg9,None
551,earthquake,2010-08-20T08:47:30.200Z,-6.55,154.185,35,5.4,0.0,"(0.38405797101449274, None)",0.5,0.0301029996658834,"Bougainville region, Papua New Guinea",usp000hjgs,None
552,earthquake,2010-08-20T13:08:57.420Z,-55.879,-28.063,112.8,5.2,0.0,"(0.3833634719710669, None)",0.5,0.0301029996658834,South Sandwich Islands region,usp000hjgy,None
553,earthquake,2010-08-20T16:40:33.740Z,54.156,-166.159,108.1,5.2,0.0,"(0.38267148014440433, None)",0.5,0.0301029996658834,"Fox Islands, Aleutian Islands, Alaska",usp000hjh4,None
554,earthquake,2010-08-20T16:57:15.580Z,39.321,71.817,13,5.2,0.0,"(0.38198198198198197, None)",0.5,0.0301029996658834,Kyrgyzstan,usp000hjh5,None
555,earthquake,2010-08-20T17:56:14.150Z,-6.57,154.246,19,6.1,0.0,"(0.38129496402877699, None)",0.5,0.0301029996658834,"Bougainville region, Papua New Guinea",usp000hjh9,None
556,earthquake,2010-08-21T00:54:18.430Z,53.584,162.943,38.2,5.2,1.0,"(0.38240574506283664, None)",0.5,0.0301029996658834,"off the east coast of the Kamchatka Peninsula, Russia",usp000hjhs,None
557,earthquake,2010-08-21T05:42:52.880Z,2.221,96.717,24,5.9,0.0,"(0.38172043010752688, None)",0.5,0.0301029996658834,"Simeulue, Indonesia",usp000hjj7,None
558,earthquake,2010-08-21T14:54:57.190Z,-27.544,-67.345,142.1,5.1,0.0,"(0.38103756708407871, None)",0.5,0.0301029996658834,"Catamarca, Argentina",usp000hjjt,None
559,earthquake,2010-08-21T18:48:00.990Z,24.754,121.983,8.1,5.1,0.0,"(0.38035714285714284, None)",0.5,0.0301029996658834,Taiwan,usp000hjk1,None
560,earthquake,2010-08-21T20:20:14.980Z,6.028,-77.974,14.5,5.4,0.0,"(0.37967914438502676, None)",0.5,0.0301029996658834,near the west coast of Colombia,usp000hjk5,None
561,earthquake,2010-08-21T23:03:34.080Z,-6.153,149.885,51.2,5,0.0,"(0.37900355871886121, None)",0.5,0.0301029996658834,"New Britain region, Papua New Guinea",usp000hjkb,None
562,earthquake,2010-08-22T03:49:58.000Z,-36.532,-73.718,19.1,5,0.0,"(0.37833037300177619, None)",0.5,0.0301029996658834,"offshore Bio-Bio, Chile",usp000hjkp,None
563,earthquake,2010-08-22T08:06:32.600Z,-21.135,-67.269,152.5,5.1,0.0,"(0.37765957446808512, None)",0.5,0.0301029996658834,"Potosi, Bolivia",usp000hjky,None
564,earthquake,2010-08-22T09:33:06.580Z,19.441,147.374,26,5.6,0.0,"(0.37699115044247788, None)",0.5,0.0301029996658834,Mariana Islands region,usp000hjm2,None
565,earthquake,2010-08-22T10:22:58.000Z,37.24,19.95,24,5.5,0.0,"(0.37632508833922262, None)",0.5,0.0301029996658834,Ionian Sea,usp000hjm4,None
566,earthquake,2010-08-22T20:20:25.120Z,-6.235,154.36,35,5.2,0.0,"(0.37566137566137564, None)",0.5,0.0301029996658834,"Bougainville region, Papua New Guinea",usp000hjmr,None
567,earthquake,2010-08-23T01:08:08.850Z,12.805,143.558,116,5.5,0.0,"(0.375, None)",0.5,0.0301029996658834,Guam region,usp000hjmy,None
568,earthquake,2010-08-23T02:53:13.810Z,53.469,-164.523,35.7,5,0.0,"(0.37434094903339193, None)",0.5,0.0301029996658834,"Unimak Island region, Alaska",usp000hjn1,None
569,earthquake,2010-08-24T02:11:59.090Z,18.795,-107.193,10,6.2,0.0,"(0.37368421052631579, None)",0.5,0.0301029996658834,"off the coast of Jalisco, Mexico",usp000hjp2,None
570,earthquake,2010-08-24T06:07:53.450Z,-6.079,133.562,13.4,5.3,0.0,"(0.37302977232924694, None)",0.5,0.0301029996658834,"Kepulauan Aru region, Indonesia",usp000hjpa,None
571,earthquake,2010-08-24T08:34:19.610Z,36.508,71.251,226.1,5,0.0,"(0.3723776223776224, None)",0.5,0.0301029996658834,"Hindu Kush region, Afghanistan",usp000hjpf,None
572,earthquake,2010-08-24T20:48:04.610Z,6.748,123.564,594.5,5.2,0.0,"(0.37172774869109948, None)",0.5,0.0301029996658834,"Moro Gulf, Mindanao, Philippines",usp000hjqf,None
573,earthquake,2010-08-25T02:35:02.000Z,-21.172,-68.912,122.5,5.1,0.0,"(0.3710801393728223, None)",0.5,0.0301029996658834,"Tarapaca, Chile",usp000hjqt,None
574,earthquake,2010-08-25T04:06:17.340Z,-49.496,117.32,10,5,0.0,"(0.37043478260869567, None)",0.5,0.0301029996658834,western Indian-Antarctic Ridge,usp000hjqv,None
575,earthquake,2010-08-25T06:25:15.470Z,0.397,123.844,210.7,5,0.0,"(0.36979166666666669, None)",0.5,0.0301029996658834,"Minahasa, Sulawesi, Indonesia",usp000hjqy,None
576,earthquake,2010-08-25T08:55:53.370Z,-0.762,124.519,42.3,5.1,0.0,"(0.36915077989601386, None)",0.5,0.0301029996658834,Molucca Sea,usp000hjr7,None
577,earthquake,2010-08-25T12:02:37.000Z,-22.704,-69.184,76.9,5.1,0.0,"(0.36851211072664358, None)",0.5,0.0301029996658834,"Antofagasta, Chile",usp000hjrk,None
578,earthquake,2010-08-25T13:14:37.640Z,-35.089,-72.246,31.7,5,0.0,"(0.36787564766839376, None)",0.5,0.0301029996658834,"offshore Maule, Chile",usp000hjrm,None
579,earthquake,2010-08-25T16:46:34.560Z,2.705,128.623,234.6,5,0.0,"(0.36724137931034484, None)",0.5,0.0301029996658834,"Halmahera, Indonesia",usp000hjrw,None
580,earthquake,2010-08-25T21:09:05.950Z,-6.043,150.31,26.9,5,0.0,"(0.36660929432013767, None)",0.5,0.0301029996658834,"New Britain region, Papua New Guinea",usp000hjs4,None
581,earthquake,2010-08-25T22:57:17.960Z,-21.869,-174.504,10,5,0.0,"(0.36597938144329895, None)",0.5,0.0301029996658834,Tonga,usp000hjs7,None
582,earthquake,2010-08-26T04:21:30.700Z,-6.598,130.154,140.1,5,0.0,"(0.36535162950257288, None)",0.5,0.0301029996658834,Banda Sea,usp000hjsh,None
583,earthquake,2010-08-26T15:08:04.910Z,36.116,136.773,277.8,5.4,0.0,"(0.36472602739726029, None)",0.5,0.0301029996658834,"near the west coast of Honshu, Japan",usp000hjt2,None
584,earthquake,2010-08-27T00:17:06.570Z,-55.958,-27.873,125.9,5.2,0.0,"(0.36410256410256409, None)",0.5,0.0301029996658834,South Sandwich Islands region,usp000hjte,None
585,earthquake,2010-08-27T04:40:57.500Z,-7.454,-75.146,131.1,5.3,0.0,"(0.363481228668942, None)",0.5,0.0301029996658834,northern Peru,usp000hjtq,None
586,earthquake,2010-08-27T06:42:21.570Z,-6.18,146.406,109.4,5,0.0,"(0.36286201022146508, None)",0.5,0.0301029996658834,"eastern New Guinea region, Papua New Guinea",usp000hjty,None
587,earthquake,2010-08-27T09:10:13.170Z,-55.469,-27.849,35,5.1,0.0,"(0.36224489795918369, None)",0.5,0.0301029996658834,South Sandwich Islands region,usp000hju3,None
588,earthquake,2010-08-27T11:30:22.880Z,-55.418,-123.703,10,5.2,0.0,"(0.36162988115449918, None)",0.5,0.0301029996658834,southern East Pacific Rise,usp000hju8,None
589,earthquake,2010-08-27T15:16:04.510Z,-55.078,-121.799,10,5.4,0.0,"(0.3610169491525424, None)",0.5,0.0301029996658834,southern East Pacific Rise,usp000hjuf,None
590,earthquake,2010-08-27T19:23:49.500Z,35.49,54.47,7,5.8,0.0,"(0.3604060913705584, None)",0.5,0.0301029996658834,northern Iran,usp000hjuq,None
591,earthquake,2010-08-28T18:46:30.400Z,18.72,-107.097,53.3,5.5,0.0,"(0.35979729729729731, None)",0.5,0.0301029996658834,"off the coast of Jalisco, Mexico",usp000hjvq,None
592,earthquake,2010-08-28T22:42:51.080Z,-17.454,167.755,35,5,0.0,"(0.35919055649241149, None)",0.5,0.0301029996658834,Vanuatu,usp000hjvw,None
593,earthquake,2010-08-29T06:37:48.900Z,-55.8,-26.991,35,5.5,0.0,"(0.35858585858585856, None)",0.5,0.0301029996658834,South Sandwich Islands region,usp000hjwf,None

